# Blender 5.1.0
# www.blender.org
mtllib armandleg.mtl
o 球体.001
v 0.000000 0.500000 0.000000
v 0.000000 0.415735 -0.277785
v 0.000000 0.277785 -0.415735
v 0.000000 0.097545 -0.490393
v 0.000000 0.000000 -0.500000
v 0.000000 -0.097545 -0.490393
v 0.000000 -0.277785 -0.415735
v 0.000000 -0.500000 0.000000
v 0.019030 0.490393 -0.095671
v 0.037329 0.461940 -0.187665
v 0.054193 0.415735 -0.272448
v 0.068975 0.353553 -0.346760
v 0.081106 0.277785 -0.407747
v 0.090120 0.191342 -0.453064
v 0.095671 0.097545 -0.480970
v 0.097545 0.000000 -0.490393
v 0.095671 -0.097545 -0.480970
v 0.090120 -0.191342 -0.453064
v 0.081106 -0.277785 -0.407747
v 0.068975 -0.353553 -0.346760
v 0.054193 -0.415735 -0.272448
v 0.037329 -0.461940 -0.187665
v 0.019030 -0.490393 -0.095671
v 0.037329 0.490393 -0.090120
v 0.073223 0.461940 -0.176777
v 0.106304 0.415735 -0.256640
v 0.135299 0.353553 -0.326641
v 0.159095 0.277785 -0.384089
v 0.176777 0.191342 -0.426777
v 0.187665 0.097545 -0.453064
v 0.191342 0.000000 -0.461940
v 0.187665 -0.097545 -0.453064
v 0.176777 -0.191342 -0.426777
v 0.159095 -0.277785 -0.384089
v 0.135299 -0.353553 -0.326641
v 0.106304 -0.415735 -0.256640
v 0.073223 -0.461940 -0.176777
v 0.037329 -0.490393 -0.090120
v 0.054193 0.490393 -0.081106
v 0.106304 0.461940 -0.159095
v 0.154329 0.415735 -0.230970
v 0.196424 0.353553 -0.293969
v 0.230970 0.277785 -0.345671
v 0.256640 0.191342 -0.384089
v 0.272448 0.097545 -0.407747
v 0.277785 0.000000 -0.415735
v 0.272448 -0.097545 -0.407747
v 0.256640 -0.191342 -0.384089
v 0.230970 -0.277785 -0.345671
v 0.196424 -0.353553 -0.293969
v 0.154329 -0.415735 -0.230970
v 0.106304 -0.461940 -0.159095
v 0.054193 -0.490393 -0.081106
v 0.068975 0.490393 -0.068975
v 0.135299 0.461940 -0.135299
v 0.196424 0.415735 -0.196424
v 0.250000 0.353553 -0.250000
v 0.293969 0.277785 -0.293969
v 0.326641 0.191342 -0.326641
v 0.346760 0.097545 -0.346760
v 0.353553 0.000000 -0.353553
v 0.346760 -0.097545 -0.346760
v 0.326641 -0.191342 -0.326641
v 0.293969 -0.277785 -0.293969
v 0.250000 -0.353553 -0.250000
v 0.196424 -0.415735 -0.196424
v 0.135299 -0.461940 -0.135299
v 0.068975 -0.490393 -0.068975
v 0.081106 0.490393 -0.054193
v 0.159095 0.461940 -0.106304
v 0.230970 0.415735 -0.154329
v 0.293969 0.353553 -0.196424
v 0.345671 0.277785 -0.230970
v 0.384089 0.191342 -0.256640
v 0.407747 0.097545 -0.272447
v 0.415735 0.000000 -0.277785
v 0.407747 -0.097545 -0.272447
v 0.384089 -0.191342 -0.256640
v 0.345671 -0.277785 -0.230970
v 0.293969 -0.353553 -0.196424
v 0.230970 -0.415735 -0.154329
v 0.159095 -0.461940 -0.106304
v 0.081106 -0.490393 -0.054193
v 0.090120 0.490393 -0.037329
v 0.176777 0.461940 -0.073223
v 0.256640 0.415735 -0.106304
v 0.326641 0.353553 -0.135299
v 0.384089 0.277785 -0.159095
v 0.426777 0.191342 -0.176777
v 0.453064 0.097545 -0.187665
v 0.461940 0.000000 -0.191342
v 0.453064 -0.097545 -0.187665
v 0.426777 -0.191342 -0.176777
v 0.384089 -0.277785 -0.159095
v 0.326641 -0.353553 -0.135299
v 0.256640 -0.415735 -0.106304
v 0.176777 -0.461940 -0.073223
v 0.090120 -0.490393 -0.037329
v 0.095671 0.490393 -0.019030
v 0.187665 0.461940 -0.037329
v 0.272448 0.415735 -0.054193
v 0.346760 0.353553 -0.068975
v 0.407746 0.277785 -0.081106
v 0.453064 0.191342 -0.090120
v 0.480970 0.097545 -0.095671
v 0.490393 0.000000 -0.097545
v 0.480970 -0.097545 -0.095671
v 0.453064 -0.191342 -0.090120
v 0.407746 -0.277785 -0.081106
v 0.346760 -0.353553 -0.068975
v 0.272448 -0.415735 -0.054193
v 0.187665 -0.461940 -0.037329
v 0.095671 -0.490393 -0.019030
v 0.097545 0.490393 0.000000
v 0.191342 0.461940 0.000000
v 0.277785 0.415735 0.000000
v 0.353553 0.353553 -0.000000
v 0.415735 0.277785 0.000000
v 0.461940 0.191342 -0.000000
v 0.490393 0.097545 0.000000
v 0.500000 0.000000 0.000000
v 0.490393 -0.097545 0.000000
v 0.461940 -0.191342 -0.000000
v 0.415735 -0.277785 0.000000
v 0.353553 -0.353553 -0.000000
v 0.277785 -0.415735 0.000000
v 0.191342 -0.461940 0.000000
v 0.097545 -0.490393 0.000000
v 0.095671 0.490393 0.019030
v 0.187665 0.461940 0.037329
v 0.272447 0.415735 0.054193
v 0.346760 0.353553 0.068975
v 0.407746 0.277785 0.081106
v 0.453064 0.191342 0.090120
v 0.480970 0.097545 0.095671
v 0.490392 0.000000 0.097545
v 0.480970 -0.097545 0.095671
v 0.453064 -0.191342 0.090120
v 0.407746 -0.277785 0.081106
v 0.346760 -0.353553 0.068975
v 0.272447 -0.415735 0.054193
v 0.187665 -0.461940 0.037329
v 0.095671 -0.490393 0.019030
v 0.090120 0.490393 0.037329
v 0.176777 0.461940 0.073223
v 0.256640 0.415735 0.106304
v 0.326641 0.353553 0.135299
v 0.384089 0.277785 0.159095
v 0.426777 0.191342 0.176777
v 0.453064 0.097545 0.187665
v 0.461940 0.000000 0.191342
v 0.453064 -0.097545 0.187665
v 0.426777 -0.191342 0.176777
v 0.384089 -0.277785 0.159095
v 0.326641 -0.353553 0.135299
v 0.256640 -0.415735 0.106304
v 0.176777 -0.461940 0.073223
v 0.090120 -0.490393 0.037329
v 0.081106 0.490393 0.054193
v 0.159095 0.461940 0.106304
v 0.230970 0.415735 0.154329
v 0.293969 0.353553 0.196424
v 0.345671 0.277785 0.230970
v 0.384089 0.191342 0.256640
v 0.407746 0.097545 0.272448
v 0.415735 0.000000 0.277785
v 0.407746 -0.097545 0.272448
v 0.384089 -0.191342 0.256640
v 0.345671 -0.277785 0.230970
v 0.293969 -0.353553 0.196424
v 0.230970 -0.415735 0.154329
v 0.159095 -0.461940 0.106304
v 0.081106 -0.490393 0.054193
v 0.068975 0.490393 0.068975
v 0.135299 0.461940 0.135299
v 0.196424 0.415735 0.196424
v 0.250000 0.353553 0.250000
v 0.293969 0.277785 0.293969
v 0.326641 0.191342 0.326641
v 0.346760 0.097545 0.346760
v 0.353553 0.000000 0.353553
v 0.346760 -0.097545 0.346760
v 0.326641 -0.191342 0.326641
v 0.293969 -0.277785 0.293969
v 0.250000 -0.353553 0.250000
v 0.196424 -0.415735 0.196424
v 0.135299 -0.461940 0.135299
v 0.068975 -0.490393 0.068975
v 0.054193 0.490393 0.081106
v 0.106304 0.461940 0.159095
v 0.154329 0.415735 0.230970
v 0.196424 0.353553 0.293969
v 0.230970 0.277785 0.345671
v 0.256640 0.191342 0.384089
v 0.272447 0.097545 0.407746
v 0.277785 0.000000 0.415735
v 0.272447 -0.097545 0.407746
v 0.256640 -0.191342 0.384089
v 0.230970 -0.277785 0.345671
v 0.196424 -0.353553 0.293969
v 0.154329 -0.415735 0.230970
v 0.106304 -0.461940 0.159095
v 0.054193 -0.490393 0.081106
v 0.037329 0.490393 0.090120
v 0.073223 0.461940 0.176777
v 0.106304 0.415735 0.256640
v 0.135299 0.353553 0.326641
v 0.159095 0.277785 0.384089
v 0.176777 0.191342 0.426777
v 0.187665 0.097545 0.453064
v 0.191341 0.000000 0.461940
v 0.187665 -0.097545 0.453064
v 0.176777 -0.191342 0.426777
v 0.159095 -0.277785 0.384089
v 0.135299 -0.353553 0.326641
v 0.106304 -0.415735 0.256640
v 0.073223 -0.461940 0.176777
v 0.037329 -0.490393 0.090120
v 0.019030 0.490393 0.095671
v 0.037329 0.461940 0.187665
v 0.054193 0.415735 0.272447
v 0.068975 0.353553 0.346760
v 0.081106 0.277785 0.407746
v 0.090120 0.191342 0.453064
v 0.095671 0.097545 0.480970
v 0.097545 0.000000 0.490392
v 0.095671 -0.097545 0.480970
v 0.090120 -0.191342 0.453064
v 0.081106 -0.277785 0.407746
v 0.068975 -0.353553 0.346760
v 0.054193 -0.415735 0.272447
v 0.037329 -0.461940 0.187665
v 0.019030 -0.490393 0.095671
v -0.000000 0.490393 0.097545
v -0.000000 0.461940 0.191342
v -0.000000 0.415735 0.277785
v -0.000000 0.353553 0.353553
v -0.000000 0.277785 0.415735
v 0.000000 0.191342 0.461940
v -0.000000 0.097545 0.490392
v -0.000000 0.000000 0.500000
v -0.000000 -0.097545 0.490392
v 0.000000 -0.191342 0.461940
v -0.000000 -0.277785 0.415735
v -0.000000 -0.353553 0.353553
v -0.000000 -0.415735 0.277785
v -0.000000 -0.461940 0.191342
v -0.000000 -0.490393 0.097545
v -0.019030 0.490393 0.095671
v -0.037329 0.461940 0.187665
v -0.054193 0.415735 0.272447
v -0.068975 0.353553 0.346760
v -0.081106 0.277785 0.407746
v -0.090120 0.191342 0.453064
v -0.095671 0.097545 0.480970
v -0.097545 0.000000 0.490392
v -0.095671 -0.097545 0.480970
v -0.090120 -0.191342 0.453064
v -0.081106 -0.277785 0.407746
v -0.068975 -0.353553 0.346760
v -0.054193 -0.415735 0.272447
v -0.037329 -0.461940 0.187665
v -0.019030 -0.490393 0.095671
v -0.037329 0.490393 0.090120
v -0.073223 0.461940 0.176777
v -0.106304 0.415735 0.256640
v -0.135299 0.353553 0.326641
v -0.159095 0.277785 0.384089
v -0.176777 0.191342 0.426777
v -0.187665 0.097545 0.453064
v -0.191342 0.000000 0.461939
v -0.187665 -0.097545 0.453064
v -0.176777 -0.191342 0.426777
v -0.159095 -0.277785 0.384089
v -0.135299 -0.353553 0.326641
v -0.106304 -0.415735 0.256640
v -0.073223 -0.461940 0.176777
v -0.037329 -0.490393 0.090120
v -0.054193 0.490393 0.081106
v -0.106304 0.461940 0.159095
v -0.154329 0.415735 0.230970
v -0.196424 0.353553 0.293969
v -0.230970 0.277785 0.345671
v -0.256640 0.191342 0.384089
v -0.272448 0.097545 0.407746
v -0.277785 0.000000 0.415734
v -0.272448 -0.097545 0.407746
v -0.256640 -0.191342 0.384089
v -0.230970 -0.277785 0.345671
v -0.196424 -0.353553 0.293969
v -0.154329 -0.415735 0.230970
v -0.106304 -0.461940 0.159095
v -0.054193 -0.490393 0.081106
v -0.068975 0.490393 0.068975
v -0.135299 0.461940 0.135299
v -0.196424 0.415735 0.196424
v -0.250000 0.353553 0.250000
v -0.293969 0.277785 0.293969
v -0.326641 0.191342 0.326641
v -0.346760 0.097545 0.346760
v -0.353553 0.000000 0.353553
v -0.346760 -0.097545 0.346760
v -0.326641 -0.191342 0.326641
v -0.293969 -0.277785 0.293969
v -0.250000 -0.353553 0.250000
v -0.196424 -0.415735 0.196424
v -0.135299 -0.461940 0.135299
v -0.068975 -0.490393 0.068975
v -0.081106 0.490393 0.054193
v -0.159095 0.461940 0.106304
v -0.230970 0.415735 0.154329
v -0.293969 0.353553 0.196424
v -0.345671 0.277785 0.230970
v -0.384089 0.191342 0.256640
v -0.407746 0.097545 0.272447
v -0.415735 0.000000 0.277785
v -0.407746 -0.097545 0.272447
v -0.384089 -0.191342 0.256640
v -0.345671 -0.277785 0.230970
v -0.293969 -0.353553 0.196424
v -0.230970 -0.415735 0.154329
v -0.159095 -0.461940 0.106304
v -0.081106 -0.490393 0.054193
v -0.090120 0.490393 0.037329
v -0.176777 0.461940 0.073223
v -0.256640 0.415735 0.106304
v -0.326641 0.353553 0.135299
v -0.384089 0.277785 0.159095
v -0.426777 0.191342 0.176777
v -0.453064 0.097545 0.187665
v -0.461939 0.000000 0.191341
v -0.453064 -0.097545 0.187665
v -0.426777 -0.191342 0.176777
v -0.384089 -0.277785 0.159095
v -0.326641 -0.353553 0.135299
v -0.256640 -0.415735 0.106304
v -0.176777 -0.461940 0.073223
v -0.090120 -0.490393 0.037329
v -0.095671 0.490393 0.019030
v -0.187665 0.461940 0.037329
v -0.272447 0.415735 0.054193
v -0.346760 0.353553 0.068975
v -0.407746 0.277785 0.081106
v -0.453064 0.191342 0.090120
v -0.480970 0.097545 0.095671
v -0.490392 0.000000 0.097545
v -0.480970 -0.097545 0.095671
v -0.453064 -0.191342 0.090120
v -0.407746 -0.277785 0.081106
v -0.346760 -0.353553 0.068975
v -0.272447 -0.415735 0.054193
v -0.187665 -0.461940 0.037329
v -0.095671 -0.490393 0.019030
v -0.097545 0.490393 -0.000000
v -0.191342 0.461940 -0.000000
v -0.277785 0.415735 -0.000000
v -0.353553 0.353553 -0.000000
v -0.415735 0.277785 -0.000000
v -0.461940 0.191342 -0.000000
v -0.490392 0.097545 -0.000000
v -0.500000 0.000000 -0.000000
v -0.490392 -0.097545 -0.000000
v -0.461940 -0.191342 -0.000000
v -0.415735 -0.277785 -0.000000
v -0.353553 -0.353553 -0.000000
v -0.277785 -0.415735 -0.000000
v -0.191342 -0.461940 -0.000000
v -0.097545 -0.490393 -0.000000
v -0.095671 0.490393 -0.019030
v -0.187665 0.461940 -0.037329
v -0.272447 0.415735 -0.054193
v -0.346760 0.353553 -0.068975
v -0.407746 0.277785 -0.081106
v -0.453064 0.191342 -0.090120
v -0.480970 0.097545 -0.095671
v -0.490392 0.000000 -0.097545
v -0.480970 -0.097545 -0.095671
v -0.453064 -0.191342 -0.090120
v -0.407746 -0.277785 -0.081106
v -0.346760 -0.353553 -0.068975
v -0.272447 -0.415735 -0.054193
v -0.187665 -0.461940 -0.037329
v -0.095671 -0.490393 -0.019030
v -0.090120 0.490393 -0.037329
v -0.176777 0.461940 -0.073223
v -0.256640 0.415735 -0.106304
v -0.326641 0.353553 -0.135299
v -0.384089 0.277785 -0.159095
v -0.426776 0.191342 -0.176777
v -0.453063 0.097545 -0.187665
v -0.461939 0.000000 -0.191342
v -0.453063 -0.097545 -0.187665
v -0.426776 -0.191342 -0.176777
v -0.384089 -0.277785 -0.159095
v -0.326641 -0.353553 -0.135299
v -0.256640 -0.415735 -0.106304
v -0.176777 -0.461940 -0.073223
v -0.090120 -0.490393 -0.037329
v -0.081106 0.490393 -0.054193
v -0.159095 0.461940 -0.106304
v -0.230970 0.415735 -0.154329
v -0.293969 0.353553 -0.196424
v -0.345671 0.277785 -0.230970
v -0.384089 0.191342 -0.256640
v -0.407746 0.097545 -0.272448
v -0.415734 0.000000 -0.277785
v -0.407746 -0.097545 -0.272448
v -0.384089 -0.191342 -0.256640
v -0.345671 -0.277785 -0.230970
v -0.293969 -0.353553 -0.196424
v -0.230970 -0.415735 -0.154329
v -0.159095 -0.461940 -0.106304
v -0.081106 -0.490393 -0.054193
v -0.068975 0.490393 -0.068975
v -0.135299 0.461940 -0.135299
v -0.196423 0.415735 -0.196424
v -0.250000 0.353553 -0.250000
v -0.293969 0.277785 -0.293969
v -0.326641 0.191342 -0.326641
v -0.346760 0.097545 -0.346760
v -0.353553 0.000000 -0.353553
v -0.346760 -0.097545 -0.346760
v -0.326641 -0.191342 -0.326641
v -0.293969 -0.277785 -0.293969
v -0.250000 -0.353553 -0.250000
v -0.196423 -0.415735 -0.196424
v -0.135299 -0.461940 -0.135299
v -0.068975 -0.490393 -0.068975
v -0.054193 0.490393 -0.081106
v -0.106304 0.461940 -0.159095
v -0.154329 0.415735 -0.230970
v -0.196424 0.353553 -0.293969
v -0.230970 0.277785 -0.345671
v -0.256640 0.191342 -0.384089
v -0.272447 0.097545 -0.407746
v -0.277785 0.000000 -0.415734
v -0.272447 -0.097545 -0.407746
v -0.256640 -0.191342 -0.384089
v -0.230970 -0.277785 -0.345671
v -0.196424 -0.353553 -0.293969
v -0.154329 -0.415735 -0.230970
v -0.106304 -0.461940 -0.159095
v -0.054193 -0.490393 -0.081106
v -0.037329 0.490393 -0.090120
v -0.073223 0.461940 -0.176777
v -0.106304 0.415735 -0.256640
v -0.135299 0.353553 -0.326641
v -0.159095 0.277785 -0.384089
v -0.176777 0.191342 -0.426776
v -0.187665 0.097545 -0.453063
v -0.191341 0.000000 -0.461939
v -0.187665 -0.097545 -0.453063
v -0.176777 -0.191342 -0.426776
v -0.159095 -0.277785 -0.384089
v -0.135299 -0.353553 -0.326641
v -0.106304 -0.415735 -0.256640
v -0.073223 -0.461940 -0.176777
v -0.037329 -0.490393 -0.090120
v -0.019030 0.490393 -0.095671
v -0.037329 0.461940 -0.187665
v -0.054193 0.415735 -0.272447
v -0.068975 0.353553 -0.346760
v -0.081106 0.277785 -0.407746
v -0.090120 0.191342 -0.453063
v -0.095671 0.097545 -0.480970
v -0.097545 0.000000 -0.490392
v -0.095671 -0.097545 -0.480970
v -0.090120 -0.191342 -0.453063
v -0.081106 -0.277785 -0.407746
v -0.068975 -0.353553 -0.346760
v -0.054193 -0.415735 -0.272447
v -0.037329 -0.461940 -0.187665
v -0.019030 -0.490393 -0.095671
v 0.000000 0.490393 -0.097545
v 0.000000 0.461940 -0.191342
v 0.000000 0.353553 -0.353553
v 0.000000 0.191342 -0.461940
v 0.000000 -0.191342 -0.461940
v 0.000000 -0.353553 -0.353553
v 0.000000 -0.415735 -0.277785
v 0.000000 -0.461940 -0.191342
v 0.000000 -0.490393 -0.097545
v 0.000000 -1.488003 0.000000
v 0.000000 -1.572268 -0.277785
v 0.000000 -1.710218 -0.415735
v 0.000000 -1.890458 -0.490393
v 0.000000 -1.988003 -0.500000
v 0.000000 -2.085548 -0.490393
v 0.000000 -2.265788 -0.415735
v 0.000000 -2.488003 0.000000
v 0.019030 -1.497610 -0.095671
v 0.037329 -1.526063 -0.187665
v 0.054193 -1.572268 -0.272448
v 0.068975 -1.634450 -0.346760
v 0.081106 -1.710218 -0.407747
v 0.090120 -1.796661 -0.453064
v 0.095671 -1.890458 -0.480970
v 0.097545 -1.988003 -0.490393
v 0.095671 -2.085548 -0.480970
v 0.090120 -2.179345 -0.453064
v 0.081106 -2.265788 -0.407747
v 0.068975 -2.341556 -0.346760
v 0.054193 -2.403738 -0.272448
v 0.037329 -2.449943 -0.187665
v 0.019030 -2.478396 -0.095671
v 0.037329 -1.497610 -0.090120
v 0.073223 -1.526063 -0.176777
v 0.106304 -1.572268 -0.256640
v 0.135299 -1.634450 -0.326641
v 0.159095 -1.710218 -0.384089
v 0.176777 -1.796661 -0.426777
v 0.187665 -1.890458 -0.453064
v 0.191342 -1.988003 -0.461940
v 0.187665 -2.085548 -0.453064
v 0.176777 -2.179345 -0.426777
v 0.159095 -2.265788 -0.384089
v 0.135299 -2.341556 -0.326641
v 0.106304 -2.403738 -0.256640
v 0.073223 -2.449943 -0.176777
v 0.037329 -2.478396 -0.090120
v 0.054193 -1.497610 -0.081106
v 0.106304 -1.526063 -0.159095
v 0.154329 -1.572268 -0.230970
v 0.196424 -1.634450 -0.293969
v 0.230970 -1.710218 -0.345671
v 0.256640 -1.796661 -0.384089
v 0.272448 -1.890458 -0.407747
v 0.277785 -1.988003 -0.415735
v 0.272448 -2.085548 -0.407747
v 0.256640 -2.179345 -0.384089
v 0.230970 -2.265788 -0.345671
v 0.196424 -2.341556 -0.293969
v 0.154329 -2.403738 -0.230970
v 0.106304 -2.449943 -0.159095
v 0.054193 -2.478396 -0.081106
v 0.068975 -1.497610 -0.068975
v 0.135299 -1.526063 -0.135299
v 0.196424 -1.572268 -0.196424
v 0.250000 -1.634450 -0.250000
v 0.293969 -1.710218 -0.293969
v 0.326641 -1.796661 -0.326641
v 0.346760 -1.890458 -0.346760
v 0.353553 -1.988003 -0.353553
v 0.346760 -2.085548 -0.346760
v 0.326641 -2.179345 -0.326641
v 0.293969 -2.265788 -0.293969
v 0.250000 -2.341556 -0.250000
v 0.196424 -2.403738 -0.196424
v 0.135299 -2.449943 -0.135299
v 0.068975 -2.478396 -0.068975
v 0.081106 -1.497610 -0.054193
v 0.159095 -1.526063 -0.106304
v 0.230970 -1.572268 -0.154329
v 0.293969 -1.634450 -0.196424
v 0.345671 -1.710218 -0.230970
v 0.384089 -1.796661 -0.256640
v 0.407747 -1.890458 -0.272447
v 0.415735 -1.988003 -0.277785
v 0.407747 -2.085548 -0.272447
v 0.384089 -2.179345 -0.256640
v 0.345671 -2.265788 -0.230970
v 0.293969 -2.341556 -0.196424
v 0.230970 -2.403738 -0.154329
v 0.159095 -2.449943 -0.106304
v 0.081106 -2.478396 -0.054193
v 0.090120 -1.497610 -0.037329
v 0.176777 -1.526063 -0.073223
v 0.256640 -1.572268 -0.106304
v 0.326641 -1.634450 -0.135299
v 0.384089 -1.710218 -0.159095
v 0.426777 -1.796661 -0.176777
v 0.453064 -1.890458 -0.187665
v 0.461940 -1.988003 -0.191342
v 0.453064 -2.085548 -0.187665
v 0.426777 -2.179345 -0.176777
v 0.384089 -2.265788 -0.159095
v 0.326641 -2.341556 -0.135299
v 0.256640 -2.403738 -0.106304
v 0.176777 -2.449943 -0.073223
v 0.090120 -2.478396 -0.037329
v 0.095671 -1.497610 -0.019030
v 0.187665 -1.526063 -0.037329
v 0.272448 -1.572268 -0.054193
v 0.346760 -1.634450 -0.068975
v 0.407746 -1.710218 -0.081106
v 0.453064 -1.796661 -0.090120
v 0.480970 -1.890458 -0.095671
v 0.490393 -1.988003 -0.097545
v 0.480970 -2.085548 -0.095671
v 0.453064 -2.179345 -0.090120
v 0.407746 -2.265788 -0.081106
v 0.346760 -2.341556 -0.068975
v 0.272448 -2.403738 -0.054193
v 0.187665 -2.449943 -0.037329
v 0.095671 -2.478396 -0.019030
v 0.097545 -1.497610 0.000000
v 0.191342 -1.526063 0.000000
v 0.277785 -1.572268 0.000000
v 0.353553 -1.634450 -0.000000
v 0.415735 -1.710218 0.000000
v 0.461940 -1.796661 -0.000000
v 0.490393 -1.890458 0.000000
v 0.500000 -1.988003 0.000000
v 0.490393 -2.085548 0.000000
v 0.461940 -2.179345 -0.000000
v 0.415735 -2.265788 0.000000
v 0.353553 -2.341556 -0.000000
v 0.277785 -2.403738 0.000000
v 0.191342 -2.449943 0.000000
v 0.097545 -2.478396 0.000000
v 0.095671 -1.497610 0.019030
v 0.187665 -1.526063 0.037329
v 0.272447 -1.572268 0.054193
v 0.346760 -1.634450 0.068975
v 0.407746 -1.710218 0.081106
v 0.453064 -1.796661 0.090120
v 0.480970 -1.890458 0.095671
v 0.490392 -1.988003 0.097545
v 0.480970 -2.085548 0.095671
v 0.453064 -2.179345 0.090120
v 0.407746 -2.265788 0.081106
v 0.346760 -2.341556 0.068975
v 0.272447 -2.403738 0.054193
v 0.187665 -2.449943 0.037329
v 0.095671 -2.478396 0.019030
v 0.090120 -1.497610 0.037329
v 0.176777 -1.526063 0.073223
v 0.256640 -1.572268 0.106304
v 0.326641 -1.634450 0.135299
v 0.384089 -1.710218 0.159095
v 0.426777 -1.796661 0.176777
v 0.453064 -1.890458 0.187665
v 0.461940 -1.988003 0.191342
v 0.453064 -2.085548 0.187665
v 0.426777 -2.179345 0.176777
v 0.384089 -2.265788 0.159095
v 0.326641 -2.341556 0.135299
v 0.256640 -2.403738 0.106304
v 0.176777 -2.449943 0.073223
v 0.090120 -2.478396 0.037329
v 0.081106 -1.497610 0.054193
v 0.159095 -1.526063 0.106304
v 0.230970 -1.572268 0.154329
v 0.293969 -1.634450 0.196424
v 0.345671 -1.710218 0.230970
v 0.384089 -1.796661 0.256640
v 0.407746 -1.890458 0.272448
v 0.415735 -1.988003 0.277785
v 0.407746 -2.085548 0.272448
v 0.384089 -2.179345 0.256640
v 0.345671 -2.265788 0.230970
v 0.293969 -2.341556 0.196424
v 0.230970 -2.403738 0.154329
v 0.159095 -2.449943 0.106304
v 0.081106 -2.478396 0.054193
v 0.068975 -1.497610 0.068975
v 0.135299 -1.526063 0.135299
v 0.196424 -1.572268 0.196424
v 0.250000 -1.634450 0.250000
v 0.293969 -1.710218 0.293969
v 0.326641 -1.796661 0.326641
v 0.346760 -1.890458 0.346760
v 0.353553 -1.988003 0.353553
v 0.346760 -2.085548 0.346760
v 0.326641 -2.179345 0.326641
v 0.293969 -2.265788 0.293969
v 0.250000 -2.341556 0.250000
v 0.196424 -2.403738 0.196424
v 0.135299 -2.449943 0.135299
v 0.068975 -2.478396 0.068975
v 0.054193 -1.497610 0.081106
v 0.106304 -1.526063 0.159095
v 0.154329 -1.572268 0.230970
v 0.196424 -1.634450 0.293969
v 0.230970 -1.710218 0.345671
v 0.256640 -1.796661 0.384089
v 0.272447 -1.890458 0.407746
v 0.277785 -1.988003 0.415735
v 0.272447 -2.085548 0.407746
v 0.256640 -2.179345 0.384089
v 0.230970 -2.265788 0.345671
v 0.196424 -2.341556 0.293969
v 0.154329 -2.403738 0.230970
v 0.106304 -2.449943 0.159095
v 0.054193 -2.478396 0.081106
v 0.037329 -1.497610 0.090120
v 0.073223 -1.526063 0.176777
v 0.106304 -1.572268 0.256640
v 0.135299 -1.634450 0.326641
v 0.159095 -1.710218 0.384089
v 0.176777 -1.796661 0.426777
v 0.187665 -1.890458 0.453064
v 0.191341 -1.988003 0.461940
v 0.187665 -2.085548 0.453064
v 0.176777 -2.179345 0.426777
v 0.159095 -2.265788 0.384089
v 0.135299 -2.341556 0.326641
v 0.106304 -2.403738 0.256640
v 0.073223 -2.449943 0.176777
v 0.037329 -2.478396 0.090120
v 0.019030 -1.497610 0.095671
v 0.037329 -1.526063 0.187665
v 0.054193 -1.572268 0.272447
v 0.068975 -1.634450 0.346760
v 0.081106 -1.710218 0.407746
v 0.090120 -1.796661 0.453064
v 0.095671 -1.890458 0.480970
v 0.097545 -1.988003 0.490392
v 0.095671 -2.085548 0.480970
v 0.090120 -2.179345 0.453064
v 0.081106 -2.265788 0.407746
v 0.068975 -2.341556 0.346760
v 0.054193 -2.403738 0.272447
v 0.037329 -2.449943 0.187665
v 0.019030 -2.478396 0.095671
v -0.000000 -1.497610 0.097545
v -0.000000 -1.526063 0.191342
v -0.000000 -1.572268 0.277785
v -0.000000 -1.634450 0.353553
v -0.000000 -1.710218 0.415735
v 0.000000 -1.796661 0.461940
v -0.000000 -1.890458 0.490392
v -0.000000 -1.988003 0.500000
v -0.000000 -2.085548 0.490392
v 0.000000 -2.179345 0.461940
v -0.000000 -2.265788 0.415735
v -0.000000 -2.341556 0.353553
v -0.000000 -2.403738 0.277785
v -0.000000 -2.449943 0.191342
v -0.000000 -2.478396 0.097545
v -0.019030 -1.497610 0.095671
v -0.037329 -1.526063 0.187665
v -0.054193 -1.572268 0.272447
v -0.068975 -1.634450 0.346760
v -0.081106 -1.710218 0.407746
v -0.090120 -1.796661 0.453064
v -0.095671 -1.890458 0.480970
v -0.097545 -1.988003 0.490392
v -0.095671 -2.085548 0.480970
v -0.090120 -2.179345 0.453064
v -0.081106 -2.265788 0.407746
v -0.068975 -2.341556 0.346760
v -0.054193 -2.403738 0.272447
v -0.037329 -2.449943 0.187665
v -0.019030 -2.478396 0.095671
v -0.037329 -1.497610 0.090120
v -0.073223 -1.526063 0.176777
v -0.106304 -1.572268 0.256640
v -0.135299 -1.634450 0.326641
v -0.159095 -1.710218 0.384089
v -0.176777 -1.796661 0.426777
v -0.187665 -1.890458 0.453064
v -0.191342 -1.988003 0.461939
v -0.187665 -2.085548 0.453064
v -0.176777 -2.179345 0.426777
v -0.159095 -2.265788 0.384089
v -0.135299 -2.341556 0.326641
v -0.106304 -2.403738 0.256640
v -0.073223 -2.449943 0.176777
v -0.037329 -2.478396 0.090120
v -0.054193 -1.497610 0.081106
v -0.106304 -1.526063 0.159095
v -0.154329 -1.572268 0.230970
v -0.196424 -1.634450 0.293969
v -0.230970 -1.710218 0.345671
v -0.256640 -1.796661 0.384089
v -0.272448 -1.890458 0.407746
v -0.277785 -1.988003 0.415734
v -0.272448 -2.085548 0.407746
v -0.256640 -2.179345 0.384089
v -0.230970 -2.265788 0.345671
v -0.196424 -2.341556 0.293969
v -0.154329 -2.403738 0.230970
v -0.106304 -2.449943 0.159095
v -0.054193 -2.478396 0.081106
v -0.068975 -1.497610 0.068975
v -0.135299 -1.526063 0.135299
v -0.196424 -1.572268 0.196424
v -0.250000 -1.634450 0.250000
v -0.293969 -1.710218 0.293969
v -0.326641 -1.796661 0.326641
v -0.346760 -1.890458 0.346760
v -0.353553 -1.988003 0.353553
v -0.346760 -2.085548 0.346760
v -0.326641 -2.179345 0.326641
v -0.293969 -2.265788 0.293969
v -0.250000 -2.341556 0.250000
v -0.196424 -2.403738 0.196424
v -0.135299 -2.449943 0.135299
v -0.068975 -2.478396 0.068975
v -0.081106 -1.497610 0.054193
v -0.159095 -1.526063 0.106304
v -0.230970 -1.572268 0.154329
v -0.293969 -1.634450 0.196424
v -0.345671 -1.710218 0.230970
v -0.384089 -1.796661 0.256640
v -0.407746 -1.890458 0.272447
v -0.415735 -1.988003 0.277785
v -0.407746 -2.085548 0.272447
v -0.384089 -2.179345 0.256640
v -0.345671 -2.265788 0.230970
v -0.293969 -2.341556 0.196424
v -0.230970 -2.403738 0.154329
v -0.159095 -2.449943 0.106304
v -0.081106 -2.478396 0.054193
v -0.090120 -1.497610 0.037329
v -0.176777 -1.526063 0.073223
v -0.256640 -1.572268 0.106304
v -0.326641 -1.634450 0.135299
v -0.384089 -1.710218 0.159095
v -0.426777 -1.796661 0.176777
v -0.453064 -1.890458 0.187665
v -0.461939 -1.988003 0.191341
v -0.453064 -2.085548 0.187665
v -0.426777 -2.179345 0.176777
v -0.384089 -2.265788 0.159095
v -0.326641 -2.341556 0.135299
v -0.256640 -2.403738 0.106304
v -0.176777 -2.449943 0.073223
v -0.090120 -2.478396 0.037329
v -0.095671 -1.497610 0.019030
v -0.187665 -1.526063 0.037329
v -0.272447 -1.572268 0.054193
v -0.346760 -1.634450 0.068975
v -0.407746 -1.710218 0.081106
v -0.453064 -1.796661 0.090120
v -0.480970 -1.890458 0.095671
v -0.490392 -1.988003 0.097545
v -0.480970 -2.085548 0.095671
v -0.453064 -2.179345 0.090120
v -0.407746 -2.265788 0.081106
v -0.346760 -2.341556 0.068975
v -0.272447 -2.403738 0.054193
v -0.187665 -2.449943 0.037329
v -0.095671 -2.478396 0.019030
v -0.097545 -1.497610 -0.000000
v -0.191342 -1.526063 -0.000000
v -0.277785 -1.572268 -0.000000
v -0.353553 -1.634450 -0.000000
v -0.415735 -1.710218 -0.000000
v -0.461940 -1.796661 -0.000000
v -0.490392 -1.890458 -0.000000
v -0.500000 -1.988003 -0.000000
v -0.490392 -2.085548 -0.000000
v -0.461940 -2.179345 -0.000000
v -0.415735 -2.265788 -0.000000
v -0.353553 -2.341556 -0.000000
v -0.277785 -2.403738 -0.000000
v -0.191342 -2.449943 -0.000000
v -0.097545 -2.478396 -0.000000
v -0.095671 -1.497610 -0.019030
v -0.187665 -1.526063 -0.037329
v -0.272447 -1.572268 -0.054193
v -0.346760 -1.634450 -0.068975
v -0.407746 -1.710218 -0.081106
v -0.453064 -1.796661 -0.090120
v -0.480970 -1.890458 -0.095671
v -0.490392 -1.988003 -0.097545
v -0.480970 -2.085548 -0.095671
v -0.453064 -2.179345 -0.090120
v -0.407746 -2.265788 -0.081106
v -0.346760 -2.341556 -0.068975
v -0.272447 -2.403738 -0.054193
v -0.187665 -2.449943 -0.037329
v -0.095671 -2.478396 -0.019030
v -0.090120 -1.497610 -0.037329
v -0.176777 -1.526063 -0.073223
v -0.256640 -1.572268 -0.106304
v -0.326641 -1.634450 -0.135299
v -0.384089 -1.710218 -0.159095
v -0.426776 -1.796661 -0.176777
v -0.453063 -1.890458 -0.187665
v -0.461939 -1.988003 -0.191342
v -0.453063 -2.085548 -0.187665
v -0.426776 -2.179345 -0.176777
v -0.384089 -2.265788 -0.159095
v -0.326641 -2.341556 -0.135299
v -0.256640 -2.403738 -0.106304
v -0.176777 -2.449943 -0.073223
v -0.090120 -2.478396 -0.037329
v -0.081106 -1.497610 -0.054193
v -0.159095 -1.526063 -0.106304
v -0.230970 -1.572268 -0.154329
v -0.293969 -1.634450 -0.196424
v -0.345671 -1.710218 -0.230970
v -0.384089 -1.796661 -0.256640
v -0.407746 -1.890458 -0.272448
v -0.415734 -1.988003 -0.277785
v -0.407746 -2.085548 -0.272448
v -0.384089 -2.179345 -0.256640
v -0.345671 -2.265788 -0.230970
v -0.293969 -2.341556 -0.196424
v -0.230970 -2.403738 -0.154329
v -0.159095 -2.449943 -0.106304
v -0.081106 -2.478396 -0.054193
v -0.068975 -1.497610 -0.068975
v -0.135299 -1.526063 -0.135299
v -0.196423 -1.572268 -0.196424
v -0.250000 -1.634450 -0.250000
v -0.293969 -1.710218 -0.293969
v -0.326641 -1.796661 -0.326641
v -0.346760 -1.890458 -0.346760
v -0.353553 -1.988003 -0.353553
v -0.346760 -2.085548 -0.346760
v -0.326641 -2.179345 -0.326641
v -0.293969 -2.265788 -0.293969
v -0.250000 -2.341556 -0.250000
v -0.196423 -2.403738 -0.196424
v -0.135299 -2.449943 -0.135299
v -0.068975 -2.478396 -0.068975
v -0.054193 -1.497610 -0.081106
v -0.106304 -1.526063 -0.159095
v -0.154329 -1.572268 -0.230970
v -0.196424 -1.634450 -0.293969
v -0.230970 -1.710218 -0.345671
v -0.256640 -1.796661 -0.384089
v -0.272447 -1.890458 -0.407746
v -0.277785 -1.988003 -0.415734
v -0.272447 -2.085548 -0.407746
v -0.256640 -2.179345 -0.384089
v -0.230970 -2.265788 -0.345671
v -0.196424 -2.341556 -0.293969
v -0.154329 -2.403738 -0.230970
v -0.106304 -2.449943 -0.159095
v -0.054193 -2.478396 -0.081106
v -0.037329 -1.497610 -0.090120
v -0.073223 -1.526063 -0.176777
v -0.106304 -1.572268 -0.256640
v -0.135299 -1.634450 -0.326641
v -0.159095 -1.710218 -0.384089
v -0.176777 -1.796661 -0.426776
v -0.187665 -1.890458 -0.453063
v -0.191341 -1.988003 -0.461939
v -0.187665 -2.085548 -0.453063
v -0.176777 -2.179345 -0.426776
v -0.159095 -2.265788 -0.384089
v -0.135299 -2.341556 -0.326641
v -0.106304 -2.403738 -0.256640
v -0.073223 -2.449943 -0.176777
v -0.037329 -2.478396 -0.090120
v -0.019030 -1.497610 -0.095671
v -0.037329 -1.526063 -0.187665
v -0.054193 -1.572268 -0.272447
v -0.068975 -1.634450 -0.346760
v -0.081106 -1.710218 -0.407746
v -0.090120 -1.796661 -0.453063
v -0.095671 -1.890458 -0.480970
v -0.097545 -1.988003 -0.490392
v -0.095671 -2.085548 -0.480970
v -0.090120 -2.179345 -0.453063
v -0.081106 -2.265788 -0.407746
v -0.068975 -2.341556 -0.346760
v -0.054193 -2.403738 -0.272447
v -0.037329 -2.449943 -0.187665
v -0.019030 -2.478396 -0.095671
v 0.000000 -1.497610 -0.097545
v 0.000000 -1.526063 -0.191342
v 0.000000 -1.634450 -0.353553
v 0.000000 -1.796661 -0.461940
v 0.000000 -2.179345 -0.461940
v 0.000000 -2.341556 -0.353553
v 0.000000 -2.403738 -0.277785
v 0.000000 -2.449943 -0.191342
v 0.000000 -2.478396 -0.097545
v 0.000000 -2.000426 -0.449758
v 0.000000 -1.950426 -0.500000
v 0.000000 -1.985781 -0.485284
v 0.000000 -0.000426 -0.449758
v 0.000000 -0.050426 -0.500000
v 0.000000 -0.015070 -0.485284
v 0.087743 -2.000426 -0.441116
v 0.097545 -1.950426 -0.490393
v 0.094674 -1.985781 -0.475960
v 0.087743 -0.000426 -0.441116
v 0.097545 -0.050426 -0.490393
v 0.094674 -0.015070 -0.475960
v 0.172115 -2.000426 -0.415522
v 0.191342 -1.950426 -0.461940
v 0.185710 -1.985781 -0.448344
v 0.172115 -0.000426 -0.415522
v 0.191342 -0.050426 -0.461940
v 0.185710 -0.015070 -0.448344
v 0.249872 -2.000426 -0.373960
v 0.277785 -1.950426 -0.415735
v 0.269610 -1.985781 -0.403499
v 0.249872 -0.000426 -0.373960
v 0.277785 -0.050426 -0.415735
v 0.269610 -0.015070 -0.403499
v 0.318027 -2.000426 -0.318027
v 0.353553 -1.950426 -0.353553
v 0.343148 -1.985781 -0.343148
v 0.318027 -0.000426 -0.318027
v 0.353553 -0.050426 -0.353553
v 0.343148 -0.015070 -0.343148
v 0.373960 -2.000426 -0.249872
v 0.415735 -1.950426 -0.277785
v 0.403499 -1.985781 -0.269610
v 0.373960 -0.000426 -0.249872
v 0.415735 -0.050426 -0.277785
v 0.403499 -0.015070 -0.269610
v 0.415522 -2.000426 -0.172115
v 0.461940 -1.950426 -0.191342
v 0.448344 -1.985781 -0.185710
v 0.415522 -0.000426 -0.172115
v 0.461940 -0.050426 -0.191342
v 0.448344 -0.015070 -0.185710
v 0.441116 -2.000426 -0.087743
v 0.490393 -1.950426 -0.097545
v 0.475960 -1.985781 -0.094674
v 0.441116 -0.000426 -0.087743
v 0.490393 -0.050426 -0.097545
v 0.475960 -0.015070 -0.094674
v 0.449758 -2.000426 0.000000
v 0.500000 -1.950426 0.000000
v 0.485284 -1.985781 0.000000
v 0.449758 -0.000426 0.000000
v 0.500000 -0.050426 0.000000
v 0.485284 -0.015070 0.000000
v 0.441116 -2.000426 0.087743
v 0.490393 -1.950426 0.097545
v 0.475960 -1.985781 0.094674
v 0.441116 -0.000426 0.087743
v 0.490393 -0.050426 0.097545
v 0.475960 -0.015070 0.094674
v 0.415522 -2.000426 0.172115
v 0.461940 -1.950426 0.191342
v 0.448344 -1.985781 0.185710
v 0.415522 -0.000426 0.172115
v 0.461940 -0.050426 0.191342
v 0.448344 -0.015070 0.185710
v 0.373960 -2.000426 0.249872
v 0.415735 -1.950426 0.277785
v 0.403499 -1.985781 0.269610
v 0.373960 -0.000426 0.249872
v 0.415735 -0.050426 0.277785
v 0.403499 -0.015070 0.269610
v 0.318027 -2.000426 0.318027
v 0.353553 -1.950426 0.353553
v 0.343148 -1.985781 0.343148
v 0.318027 -0.000426 0.318027
v 0.353553 -0.050426 0.353553
v 0.343148 -0.015070 0.343148
v 0.249872 -2.000426 0.373960
v 0.277785 -1.950426 0.415735
v 0.269610 -1.985781 0.403499
v 0.249872 -0.000426 0.373960
v 0.277785 -0.050426 0.415735
v 0.269610 -0.015070 0.403499
v 0.172115 -2.000426 0.415522
v 0.191342 -1.950426 0.461940
v 0.185710 -1.985781 0.448344
v 0.172115 -0.000426 0.415522
v 0.191342 -0.050426 0.461940
v 0.185710 -0.015070 0.448344
v 0.087743 -2.000426 0.441116
v 0.097545 -1.950426 0.490393
v 0.094674 -1.985781 0.475960
v 0.087743 -0.000426 0.441116
v 0.097545 -0.050426 0.490393
v 0.094674 -0.015070 0.475960
v 0.000000 -2.000426 0.449758
v 0.000000 -1.950426 0.500000
v 0.000000 -1.985781 0.485284
v 0.000000 -0.000426 0.449758
v 0.000000 -0.050426 0.500000
v 0.000000 -0.015070 0.485284
v -0.087743 -2.000426 0.441116
v -0.097545 -1.950426 0.490393
v -0.094674 -1.985781 0.475960
v -0.087743 -0.000426 0.441116
v -0.097545 -0.050426 0.490393
v -0.094674 -0.015070 0.475960
v -0.172115 -2.000426 0.415522
v -0.191342 -1.950426 0.461940
v -0.185710 -1.985781 0.448344
v -0.172115 -0.000426 0.415522
v -0.191342 -0.050426 0.461940
v -0.185710 -0.015070 0.448344
v -0.249872 -2.000426 0.373960
v -0.277785 -1.950426 0.415735
v -0.269610 -1.985781 0.403499
v -0.249872 -0.000426 0.373960
v -0.277785 -0.050426 0.415735
v -0.269610 -0.015070 0.403499
v -0.318027 -2.000426 0.318027
v -0.353553 -1.950426 0.353553
v -0.343148 -1.985781 0.343148
v -0.318027 -0.000426 0.318027
v -0.353553 -0.050426 0.353553
v -0.343148 -0.015070 0.343148
v -0.373960 -2.000426 0.249872
v -0.415735 -1.950426 0.277785
v -0.403499 -1.985781 0.269610
v -0.373960 -0.000426 0.249872
v -0.415735 -0.050426 0.277785
v -0.403499 -0.015070 0.269610
v -0.415522 -2.000426 0.172115
v -0.461940 -1.950426 0.191342
v -0.448344 -1.985781 0.185710
v -0.415522 -0.000426 0.172115
v -0.461940 -0.050426 0.191342
v -0.448344 -0.015070 0.185710
v -0.441116 -2.000426 0.087743
v -0.490393 -1.950426 0.097545
v -0.475960 -1.985781 0.094674
v -0.441116 -0.000426 0.087743
v -0.490393 -0.050426 0.097545
v -0.475960 -0.015070 0.094674
v -0.449758 -2.000426 0.000000
v -0.500000 -1.950426 0.000000
v -0.485284 -1.985781 0.000000
v -0.449758 -0.000426 0.000000
v -0.500000 -0.050426 0.000000
v -0.485284 -0.015070 0.000000
v -0.441116 -2.000426 -0.087743
v -0.490393 -1.950426 -0.097545
v -0.475960 -1.985781 -0.094674
v -0.441116 -0.000426 -0.087743
v -0.490393 -0.050426 -0.097545
v -0.475960 -0.015070 -0.094674
v -0.415522 -2.000426 -0.172115
v -0.461940 -1.950426 -0.191342
v -0.448344 -1.985781 -0.185710
v -0.415522 -0.000426 -0.172115
v -0.461940 -0.050426 -0.191342
v -0.448344 -0.015070 -0.185710
v -0.373960 -2.000426 -0.249872
v -0.415735 -1.950426 -0.277785
v -0.403499 -1.985781 -0.269610
v -0.373960 -0.000426 -0.249872
v -0.415735 -0.050426 -0.277785
v -0.403499 -0.015070 -0.269610
v -0.318027 -2.000426 -0.318027
v -0.353553 -1.950426 -0.353553
v -0.343148 -1.985781 -0.343148
v -0.318027 -0.000426 -0.318027
v -0.353553 -0.050426 -0.353553
v -0.343148 -0.015070 -0.343148
v -0.249872 -2.000426 -0.373960
v -0.277785 -1.950426 -0.415735
v -0.269610 -1.985781 -0.403499
v -0.249872 -0.000426 -0.373960
v -0.277785 -0.050426 -0.415735
v -0.269610 -0.015070 -0.403499
v -0.172115 -2.000426 -0.415522
v -0.191342 -1.950426 -0.461940
v -0.185710 -1.985781 -0.448344
v -0.172115 -0.000426 -0.415522
v -0.191342 -0.050426 -0.461940
v -0.185710 -0.015070 -0.448344
v -0.087743 -2.000426 -0.441116
v -0.097545 -1.950426 -0.490393
v -0.094674 -1.985781 -0.475960
v -0.087743 -0.000426 -0.441116
v -0.097545 -0.050426 -0.490393
v -0.094674 -0.015070 -0.475960
vn -0.0000 1.0000 -0.0000
vn -0.0000 0.8286 -0.5598
vn -0.0000 0.5528 -0.8333
vn -0.0000 0.1939 -0.9810
vn -0.0000 -0.0000 -1.0000
vn -0.0000 -0.1939 -0.9810
vn -0.0000 -0.5528 -0.8333
vn -0.0000 -1.0000 -0.0000
vn 0.0392 0.9796 -0.1971
vn 0.0757 0.9217 -0.3804
vn 0.1092 0.8286 -0.5490
vn 0.1385 0.7041 -0.6965
vn 0.1626 0.5528 -0.8173
vn 0.1804 0.3805 -0.9070
vn 0.1914 0.1939 -0.9622
vn 0.1951 -0.0000 -0.9808
vn 0.1914 -0.1939 -0.9622
vn 0.1804 -0.3805 -0.9070
vn 0.1626 -0.5528 -0.8173
vn 0.1385 -0.7041 -0.6965
vn 0.1092 -0.8286 -0.5490
vn 0.0757 -0.9217 -0.3804
vn 0.0392 -0.9796 -0.1971
vn 0.0769 0.9796 -0.1857
vn 0.1484 0.9217 -0.3584
vn 0.2142 0.8286 -0.5172
vn 0.2718 0.7041 -0.6561
vn 0.3189 0.5528 -0.7699
vn 0.3539 0.3805 -0.8544
vn 0.3754 0.1939 -0.9063
vn 0.3827 -0.0000 -0.9239
vn 0.3754 -0.1939 -0.9063
vn 0.3539 -0.3805 -0.8544
vn 0.3189 -0.5528 -0.7699
vn 0.2718 -0.7041 -0.6561
vn 0.2142 -0.8286 -0.5172
vn 0.1484 -0.9217 -0.3584
vn 0.0769 -0.9796 -0.1857
vn 0.1117 0.9796 -0.1671
vn 0.2155 0.9217 -0.3225
vn 0.3110 0.8286 -0.4654
vn 0.3945 0.7041 -0.5905
vn 0.4630 0.5528 -0.6929
vn 0.5138 0.3805 -0.7689
vn 0.5450 0.1939 -0.8157
vn 0.5556 -0.0000 -0.8315
vn 0.5450 -0.1939 -0.8157
vn 0.5138 -0.3805 -0.7689
vn 0.4630 -0.5528 -0.6929
vn 0.3945 -0.7041 -0.5905
vn 0.3110 -0.8286 -0.4654
vn 0.2155 -0.9217 -0.3225
vn 0.1117 -0.9796 -0.1671
vn 0.1421 0.9796 -0.1421
vn 0.2743 0.9217 -0.2743
vn 0.3958 0.8286 -0.3958
vn 0.5021 0.7041 -0.5021
vn 0.5893 0.5528 -0.5893
vn 0.6539 0.3805 -0.6539
vn 0.6937 0.1939 -0.6937
vn 0.7071 -0.0000 -0.7071
vn 0.6937 -0.1939 -0.6937
vn 0.6539 -0.3805 -0.6539
vn 0.5893 -0.5528 -0.5893
vn 0.5021 -0.7041 -0.5021
vn 0.3958 -0.8286 -0.3958
vn 0.2743 -0.9217 -0.2743
vn 0.1421 -0.9796 -0.1421
vn 0.1671 0.9796 -0.1117
vn 0.3225 0.9217 -0.2155
vn 0.4654 0.8286 -0.3110
vn 0.5905 0.7041 -0.3945
vn 0.6929 0.5528 -0.4630
vn 0.7689 0.3805 -0.5138
vn 0.8157 0.1939 -0.5450
vn 0.8315 -0.0000 -0.5556
vn 0.8157 -0.1939 -0.5450
vn 0.7689 -0.3805 -0.5138
vn 0.6929 -0.5528 -0.4630
vn 0.5905 -0.7041 -0.3945
vn 0.4654 -0.8286 -0.3110
vn 0.3225 -0.9217 -0.2155
vn 0.1671 -0.9796 -0.1117
vn 0.1857 0.9796 -0.0769
vn 0.3584 0.9217 -0.1484
vn 0.5172 0.8286 -0.2142
vn 0.6561 0.7041 -0.2718
vn 0.7699 0.5528 -0.3189
vn 0.8544 0.3805 -0.3539
vn 0.9063 0.1939 -0.3754
vn 0.9239 -0.0000 -0.3827
vn 0.9063 -0.1939 -0.3754
vn 0.8544 -0.3805 -0.3539
vn 0.7699 -0.5528 -0.3189
vn 0.6561 -0.7041 -0.2718
vn 0.5172 -0.8286 -0.2142
vn 0.3584 -0.9217 -0.1484
vn 0.1857 -0.9796 -0.0769
vn 0.1971 0.9796 -0.0392
vn 0.3804 0.9217 -0.0757
vn 0.5490 0.8286 -0.1092
vn 0.6965 0.7041 -0.1385
vn 0.8173 0.5528 -0.1626
vn 0.9070 0.3805 -0.1804
vn 0.9622 0.1939 -0.1914
vn 0.9808 -0.0000 -0.1951
vn 0.9622 -0.1939 -0.1914
vn 0.9070 -0.3805 -0.1804
vn 0.8173 -0.5528 -0.1626
vn 0.6965 -0.7041 -0.1385
vn 0.5490 -0.8286 -0.1092
vn 0.3804 -0.9217 -0.0757
vn 0.1971 -0.9796 -0.0392
vn 0.2010 0.9796 -0.0000
vn 0.3879 0.9217 -0.0000
vn 0.5598 0.8286 -0.0000
vn 0.7101 0.7041 -0.0000
vn 0.8333 0.5528 -0.0000
vn 0.9248 0.3805 -0.0000
vn 0.9810 0.1939 -0.0000
vn 1.0000 -0.0000 -0.0000
vn 0.9810 -0.1939 -0.0000
vn 0.9248 -0.3805 -0.0000
vn 0.8333 -0.5528 -0.0000
vn 0.7101 -0.7041 -0.0000
vn 0.5598 -0.8286 -0.0000
vn 0.3879 -0.9217 -0.0000
vn 0.2010 -0.9796 -0.0000
vn 0.1971 0.9796 0.0392
vn 0.3804 0.9217 0.0757
vn 0.5490 0.8286 0.1092
vn 0.6965 0.7041 0.1385
vn 0.8173 0.5528 0.1626
vn 0.9070 0.3805 0.1804
vn 0.9622 0.1939 0.1914
vn 0.9808 -0.0000 0.1951
vn 0.9622 -0.1939 0.1914
vn 0.9070 -0.3805 0.1804
vn 0.8173 -0.5528 0.1626
vn 0.6965 -0.7041 0.1385
vn 0.5490 -0.8286 0.1092
vn 0.3804 -0.9217 0.0757
vn 0.1971 -0.9796 0.0392
vn 0.1857 0.9796 0.0769
vn 0.3584 0.9217 0.1484
vn 0.5172 0.8286 0.2142
vn 0.6561 0.7041 0.2718
vn 0.7699 0.5528 0.3189
vn 0.8544 0.3805 0.3539
vn 0.9063 0.1939 0.3754
vn 0.9239 -0.0000 0.3827
vn 0.9063 -0.1939 0.3754
vn 0.8544 -0.3805 0.3539
vn 0.7699 -0.5528 0.3189
vn 0.6561 -0.7041 0.2718
vn 0.5172 -0.8286 0.2142
vn 0.3584 -0.9217 0.1484
vn 0.1857 -0.9796 0.0769
vn 0.1671 0.9796 0.1117
vn 0.3225 0.9217 0.2155
vn 0.4654 0.8286 0.3110
vn 0.5905 0.7041 0.3945
vn 0.6929 0.5528 0.4630
vn 0.7689 0.3805 0.5138
vn 0.8157 0.1939 0.5450
vn 0.8315 -0.0000 0.5556
vn 0.8157 -0.1939 0.5450
vn 0.7689 -0.3805 0.5138
vn 0.6929 -0.5528 0.4630
vn 0.5905 -0.7041 0.3945
vn 0.4654 -0.8286 0.3110
vn 0.3225 -0.9217 0.2155
vn 0.1671 -0.9796 0.1117
vn 0.1421 0.9796 0.1421
vn 0.2743 0.9217 0.2743
vn 0.3958 0.8286 0.3958
vn 0.5021 0.7041 0.5021
vn 0.5893 0.5528 0.5893
vn 0.6539 0.3805 0.6539
vn 0.6937 0.1939 0.6937
vn 0.7071 -0.0000 0.7071
vn 0.6937 -0.1939 0.6937
vn 0.6539 -0.3805 0.6539
vn 0.5893 -0.5528 0.5893
vn 0.5021 -0.7041 0.5021
vn 0.3958 -0.8286 0.3958
vn 0.2743 -0.9217 0.2743
vn 0.1421 -0.9796 0.1421
vn 0.1117 0.9796 0.1671
vn 0.2155 0.9217 0.3225
vn 0.3110 0.8286 0.4654
vn 0.3945 0.7041 0.5905
vn 0.4630 0.5528 0.6929
vn 0.5138 0.3805 0.7689
vn 0.5450 0.1939 0.8157
vn 0.5556 -0.0000 0.8315
vn 0.5450 -0.1939 0.8157
vn 0.5138 -0.3805 0.7689
vn 0.4630 -0.5528 0.6929
vn 0.3945 -0.7041 0.5905
vn 0.3110 -0.8286 0.4654
vn 0.2155 -0.9217 0.3225
vn 0.1117 -0.9796 0.1671
vn 0.0769 0.9796 0.1857
vn 0.1484 0.9217 0.3584
vn 0.2142 0.8286 0.5172
vn 0.2718 0.7041 0.6561
vn 0.3189 0.5528 0.7699
vn 0.3539 0.3805 0.8544
vn 0.3754 0.1939 0.9063
vn 0.3827 -0.0000 0.9239
vn 0.3754 -0.1939 0.9063
vn 0.3539 -0.3805 0.8544
vn 0.3189 -0.5528 0.7699
vn 0.2718 -0.7041 0.6561
vn 0.2142 -0.8286 0.5172
vn 0.1484 -0.9217 0.3584
vn 0.0769 -0.9796 0.1857
vn 0.0392 0.9796 0.1971
vn 0.0757 0.9217 0.3804
vn 0.1092 0.8286 0.5490
vn 0.1385 0.7041 0.6965
vn 0.1626 0.5528 0.8173
vn 0.1804 0.3805 0.9070
vn 0.1914 0.1939 0.9622
vn 0.1951 -0.0000 0.9808
vn 0.1914 -0.1939 0.9622
vn 0.1804 -0.3805 0.9070
vn 0.1626 -0.5528 0.8173
vn 0.1385 -0.7041 0.6965
vn 0.1092 -0.8286 0.5490
vn 0.0757 -0.9217 0.3804
vn 0.0392 -0.9796 0.1971
vn -0.0000 0.9796 0.2010
vn -0.0000 0.9217 0.3879
vn -0.0000 0.8286 0.5598
vn -0.0000 0.7041 0.7101
vn -0.0000 0.5528 0.8333
vn -0.0000 0.3805 0.9248
vn -0.0000 0.1939 0.9810
vn -0.0000 -0.0000 1.0000
vn -0.0000 -0.1939 0.9810
vn -0.0000 -0.3805 0.9248
vn -0.0000 -0.5528 0.8333
vn -0.0000 -0.7041 0.7101
vn -0.0000 -0.8286 0.5598
vn -0.0000 -0.9217 0.3879
vn -0.0000 -0.9796 0.2010
vn -0.0392 0.9796 0.1971
vn -0.0757 0.9217 0.3804
vn -0.1092 0.8286 0.5490
vn -0.1385 0.7041 0.6965
vn -0.1626 0.5528 0.8173
vn -0.1804 0.3805 0.9070
vn -0.1914 0.1939 0.9622
vn -0.1951 -0.0000 0.9808
vn -0.1914 -0.1939 0.9622
vn -0.1804 -0.3805 0.9070
vn -0.1626 -0.5528 0.8173
vn -0.1385 -0.7041 0.6965
vn -0.1092 -0.8286 0.5490
vn -0.0757 -0.9217 0.3804
vn -0.0392 -0.9796 0.1971
vn -0.0769 0.9796 0.1857
vn -0.1484 0.9217 0.3584
vn -0.2142 0.8286 0.5172
vn -0.2718 0.7041 0.6561
vn -0.3189 0.5528 0.7699
vn -0.3539 0.3805 0.8544
vn -0.3754 0.1939 0.9063
vn -0.3827 -0.0000 0.9239
vn -0.3754 -0.1939 0.9063
vn -0.3539 -0.3805 0.8544
vn -0.3189 -0.5528 0.7699
vn -0.2718 -0.7041 0.6561
vn -0.2142 -0.8286 0.5172
vn -0.1484 -0.9217 0.3584
vn -0.0769 -0.9796 0.1857
vn -0.1117 0.9796 0.1671
vn -0.2155 0.9217 0.3225
vn -0.3110 0.8286 0.4654
vn -0.3945 0.7041 0.5905
vn -0.4630 0.5528 0.6929
vn -0.5138 0.3805 0.7689
vn -0.5450 0.1939 0.8157
vn -0.5556 -0.0000 0.8315
vn -0.5450 -0.1939 0.8157
vn -0.5138 -0.3805 0.7689
vn -0.4630 -0.5528 0.6929
vn -0.3945 -0.7041 0.5905
vn -0.3110 -0.8286 0.4654
vn -0.2155 -0.9217 0.3225
vn -0.1117 -0.9796 0.1671
vn -0.1421 0.9796 0.1421
vn -0.2743 0.9217 0.2743
vn -0.3958 0.8286 0.3958
vn -0.5021 0.7041 0.5021
vn -0.5893 0.5528 0.5893
vn -0.6539 0.3805 0.6539
vn -0.6937 0.1939 0.6937
vn -0.7071 -0.0000 0.7071
vn -0.6937 -0.1939 0.6937
vn -0.6539 -0.3805 0.6539
vn -0.5893 -0.5528 0.5893
vn -0.5021 -0.7041 0.5021
vn -0.3958 -0.8286 0.3958
vn -0.2743 -0.9217 0.2743
vn -0.1421 -0.9796 0.1421
vn -0.1671 0.9796 0.1117
vn -0.3225 0.9217 0.2155
vn -0.4654 0.8286 0.3110
vn -0.5905 0.7041 0.3945
vn -0.6929 0.5528 0.4630
vn -0.7689 0.3805 0.5138
vn -0.8157 0.1939 0.5450
vn -0.8315 -0.0000 0.5556
vn -0.8157 -0.1939 0.5450
vn -0.7689 -0.3805 0.5138
vn -0.6929 -0.5528 0.4630
vn -0.5905 -0.7041 0.3945
vn -0.4654 -0.8286 0.3110
vn -0.3225 -0.9217 0.2155
vn -0.1671 -0.9796 0.1117
vn -0.1857 0.9796 0.0769
vn -0.3584 0.9217 0.1484
vn -0.5172 0.8286 0.2142
vn -0.6561 0.7041 0.2718
vn -0.7699 0.5528 0.3189
vn -0.8544 0.3805 0.3539
vn -0.9063 0.1939 0.3754
vn -0.9239 -0.0000 0.3827
vn -0.9063 -0.1939 0.3754
vn -0.8544 -0.3805 0.3539
vn -0.7699 -0.5528 0.3189
vn -0.6561 -0.7041 0.2718
vn -0.5172 -0.8286 0.2142
vn -0.3584 -0.9217 0.1484
vn -0.1857 -0.9796 0.0769
vn -0.1971 0.9796 0.0392
vn -0.3804 0.9217 0.0757
vn -0.5490 0.8286 0.1092
vn -0.6965 0.7041 0.1385
vn -0.8173 0.5528 0.1626
vn -0.9070 0.3805 0.1804
vn -0.9622 0.1939 0.1914
vn -0.9808 -0.0000 0.1951
vn -0.9622 -0.1939 0.1914
vn -0.9070 -0.3805 0.1804
vn -0.8173 -0.5528 0.1626
vn -0.6965 -0.7041 0.1385
vn -0.5490 -0.8286 0.1092
vn -0.3804 -0.9217 0.0757
vn -0.1971 -0.9796 0.0392
vn -0.2010 0.9796 -0.0000
vn -0.3879 0.9217 -0.0000
vn -0.5598 0.8286 -0.0000
vn -0.7101 0.7041 -0.0000
vn -0.8333 0.5528 -0.0000
vn -0.9248 0.3805 -0.0000
vn -0.9810 0.1939 -0.0000
vn -1.0000 -0.0000 -0.0000
vn -0.9810 -0.1939 -0.0000
vn -0.9248 -0.3805 -0.0000
vn -0.8333 -0.5528 -0.0000
vn -0.7101 -0.7041 -0.0000
vn -0.5598 -0.8286 -0.0000
vn -0.3879 -0.9217 -0.0000
vn -0.2010 -0.9796 -0.0000
vn -0.1971 0.9796 -0.0392
vn -0.3804 0.9217 -0.0757
vn -0.5490 0.8286 -0.1092
vn -0.6965 0.7041 -0.1385
vn -0.8173 0.5528 -0.1626
vn -0.9070 0.3805 -0.1804
vn -0.9622 0.1939 -0.1914
vn -0.9808 -0.0000 -0.1951
vn -0.9622 -0.1939 -0.1914
vn -0.9070 -0.3805 -0.1804
vn -0.8173 -0.5528 -0.1626
vn -0.6965 -0.7041 -0.1385
vn -0.5490 -0.8286 -0.1092
vn -0.3804 -0.9217 -0.0757
vn -0.1971 -0.9796 -0.0392
vn -0.1857 0.9796 -0.0769
vn -0.3584 0.9217 -0.1484
vn -0.5172 0.8286 -0.2142
vn -0.6561 0.7041 -0.2718
vn -0.7699 0.5528 -0.3189
vn -0.8544 0.3805 -0.3539
vn -0.9063 0.1939 -0.3754
vn -0.9239 -0.0000 -0.3827
vn -0.9063 -0.1939 -0.3754
vn -0.8544 -0.3805 -0.3539
vn -0.7699 -0.5528 -0.3189
vn -0.6561 -0.7041 -0.2718
vn -0.5172 -0.8286 -0.2142
vn -0.3584 -0.9217 -0.1484
vn -0.1857 -0.9796 -0.0769
vn -0.1671 0.9796 -0.1117
vn -0.3225 0.9217 -0.2155
vn -0.4654 0.8286 -0.3110
vn -0.5905 0.7041 -0.3945
vn -0.6929 0.5528 -0.4630
vn -0.7689 0.3805 -0.5138
vn -0.8157 0.1939 -0.5450
vn -0.8315 -0.0000 -0.5556
vn -0.8157 -0.1939 -0.5450
vn -0.7689 -0.3805 -0.5138
vn -0.6929 -0.5528 -0.4630
vn -0.5905 -0.7041 -0.3945
vn -0.4654 -0.8286 -0.3110
vn -0.3225 -0.9217 -0.2155
vn -0.1671 -0.9796 -0.1117
vn -0.1421 0.9796 -0.1421
vn -0.2743 0.9217 -0.2743
vn -0.3958 0.8286 -0.3958
vn -0.5021 0.7041 -0.5021
vn -0.5893 0.5528 -0.5893
vn -0.6539 0.3805 -0.6539
vn -0.6937 0.1939 -0.6937
vn -0.7071 -0.0000 -0.7071
vn -0.6937 -0.1939 -0.6937
vn -0.6539 -0.3805 -0.6539
vn -0.5893 -0.5528 -0.5893
vn -0.5021 -0.7041 -0.5021
vn -0.3958 -0.8286 -0.3958
vn -0.2743 -0.9217 -0.2743
vn -0.1421 -0.9796 -0.1421
vn -0.1117 0.9796 -0.1671
vn -0.2155 0.9217 -0.3225
vn -0.3110 0.8286 -0.4654
vn -0.3945 0.7041 -0.5905
vn -0.4630 0.5528 -0.6929
vn -0.5138 0.3805 -0.7689
vn -0.5450 0.1939 -0.8157
vn -0.5556 -0.0000 -0.8315
vn -0.5450 -0.1939 -0.8157
vn -0.5138 -0.3805 -0.7689
vn -0.4630 -0.5528 -0.6929
vn -0.3945 -0.7041 -0.5905
vn -0.3110 -0.8286 -0.4654
vn -0.2155 -0.9217 -0.3225
vn -0.1117 -0.9796 -0.1671
vn -0.0769 0.9796 -0.1857
vn -0.1484 0.9217 -0.3584
vn -0.2142 0.8286 -0.5172
vn -0.2718 0.7041 -0.6561
vn -0.3189 0.5528 -0.7699
vn -0.3539 0.3805 -0.8544
vn -0.3754 0.1939 -0.9063
vn -0.3827 -0.0000 -0.9239
vn -0.3754 -0.1939 -0.9063
vn -0.3539 -0.3805 -0.8544
vn -0.3189 -0.5528 -0.7699
vn -0.2718 -0.7041 -0.6561
vn -0.2142 -0.8286 -0.5172
vn -0.1484 -0.9217 -0.3584
vn -0.0769 -0.9796 -0.1857
vn -0.0392 0.9796 -0.1971
vn -0.0757 0.9217 -0.3804
vn -0.1092 0.8286 -0.5490
vn -0.1385 0.7041 -0.6965
vn -0.1626 0.5528 -0.8173
vn -0.1804 0.3805 -0.9070
vn -0.1914 0.1939 -0.9622
vn -0.1951 -0.0000 -0.9808
vn -0.1914 -0.1939 -0.9622
vn -0.1804 -0.3805 -0.9070
vn -0.1626 -0.5528 -0.8173
vn -0.1385 -0.7041 -0.6965
vn -0.1092 -0.8286 -0.5490
vn -0.0757 -0.9217 -0.3804
vn -0.0392 -0.9796 -0.1971
vn -0.0000 0.9796 -0.2010
vn -0.0000 0.9217 -0.3879
vn -0.0000 0.7041 -0.7101
vn -0.0000 0.3805 -0.9248
vn -0.0000 -0.3805 -0.9248
vn -0.0000 -0.7041 -0.7101
vn -0.0000 -0.8286 -0.5598
vn -0.0000 -0.9217 -0.3879
vn -0.0000 -0.9796 -0.2010
vn 0.1116 -0.9796 0.1671
vn -0.1116 -0.9796 0.1671
vn -0.1116 -0.9796 -0.1671
vn -0.0000 -0.9786 -0.2059
vn -0.0000 -0.1936 -0.9811
vn -0.0000 -0.6966 -0.7175
vn -0.0000 0.9786 -0.2059
vn -0.0000 0.1936 -0.9811
vn -0.0000 0.6966 -0.7175
vn 0.0402 -0.9786 -0.2019
vn 0.1914 -0.1936 -0.9622
vn 0.1400 -0.6966 -0.7037
vn 0.0402 0.9786 -0.2019
vn 0.1914 0.1936 -0.9622
vn 0.1400 0.6966 -0.7037
vn 0.0788 -0.9786 -0.1902
vn 0.3754 -0.1936 -0.9064
vn 0.2746 -0.6966 -0.6629
vn 0.0788 0.9786 -0.1902
vn 0.3754 0.1936 -0.9064
vn 0.2746 0.6966 -0.6629
vn 0.1144 -0.9786 -0.1712
vn 0.5451 -0.1936 -0.8157
vn 0.3986 -0.6966 -0.5966
vn 0.1144 0.9786 -0.1712
vn 0.5451 0.1936 -0.8157
vn 0.3986 0.6966 -0.5966
vn 0.1456 -0.9786 -0.1456
vn 0.6937 -0.1936 -0.6937
vn 0.5073 -0.6966 -0.5073
vn 0.1456 0.9786 -0.1456
vn 0.6937 0.1936 -0.6937
vn 0.5073 0.6966 -0.5073
vn 0.1712 -0.9786 -0.1144
vn 0.8157 -0.1936 -0.5451
vn 0.5966 -0.6966 -0.3986
vn 0.1712 0.9786 -0.1144
vn 0.8157 0.1936 -0.5451
vn 0.5966 0.6966 -0.3986
vn 0.1902 -0.9786 -0.0788
vn 0.9064 -0.1936 -0.3754
vn 0.6629 -0.6966 -0.2746
vn 0.1902 0.9786 -0.0788
vn 0.9064 0.1936 -0.3754
vn 0.6629 0.6966 -0.2746
vn 0.2019 -0.9786 -0.0402
vn 0.9622 -0.1936 -0.1914
vn 0.7037 -0.6966 -0.1400
vn 0.2019 0.9786 -0.0402
vn 0.9622 0.1936 -0.1914
vn 0.7037 0.6966 -0.1400
vn 0.2059 -0.9786 -0.0000
vn 0.9811 -0.1936 -0.0000
vn 0.7175 -0.6966 -0.0000
vn 0.2059 0.9786 -0.0000
vn 0.9811 0.1936 -0.0000
vn 0.7175 0.6966 -0.0000
vn 0.2019 -0.9786 0.0402
vn 0.9622 -0.1936 0.1914
vn 0.7037 -0.6966 0.1400
vn 0.2019 0.9786 0.0402
vn 0.9622 0.1936 0.1914
vn 0.7037 0.6966 0.1400
vn 0.1902 -0.9786 0.0788
vn 0.9064 -0.1936 0.3754
vn 0.6629 -0.6966 0.2746
vn 0.1902 0.9786 0.0788
vn 0.9064 0.1936 0.3754
vn 0.6629 0.6966 0.2746
vn 0.1712 -0.9786 0.1144
vn 0.8157 -0.1936 0.5451
vn 0.5966 -0.6966 0.3986
vn 0.1712 0.9786 0.1144
vn 0.8157 0.1936 0.5451
vn 0.5966 0.6966 0.3986
vn 0.1456 -0.9786 0.1456
vn 0.6937 -0.1936 0.6937
vn 0.5073 -0.6966 0.5073
vn 0.1456 0.9786 0.1456
vn 0.6937 0.1936 0.6937
vn 0.5073 0.6966 0.5073
vn 0.1144 -0.9786 0.1712
vn 0.5451 -0.1936 0.8157
vn 0.3986 -0.6966 0.5966
vn 0.1144 0.9786 0.1712
vn 0.5451 0.1936 0.8157
vn 0.3986 0.6966 0.5966
vn 0.0788 -0.9786 0.1902
vn 0.3754 -0.1936 0.9064
vn 0.2746 -0.6966 0.6629
vn 0.0788 0.9786 0.1902
vn 0.3754 0.1936 0.9064
vn 0.2746 0.6966 0.6629
vn 0.0402 -0.9786 0.2019
vn 0.1914 -0.1936 0.9622
vn 0.1400 -0.6966 0.7037
vn 0.0402 0.9786 0.2019
vn 0.1914 0.1936 0.9622
vn 0.1400 0.6966 0.7037
vn -0.0000 -0.9786 0.2059
vn -0.0000 -0.1936 0.9811
vn -0.0000 -0.6966 0.7175
vn -0.0000 0.9786 0.2059
vn -0.0000 0.1936 0.9811
vn -0.0000 0.6966 0.7175
vn -0.0402 -0.9786 0.2019
vn -0.1914 -0.1936 0.9622
vn -0.1400 -0.6966 0.7037
vn -0.0402 0.9786 0.2019
vn -0.1914 0.1936 0.9622
vn -0.1400 0.6966 0.7037
vn -0.0788 -0.9786 0.1902
vn -0.3754 -0.1936 0.9064
vn -0.2746 -0.6966 0.6629
vn -0.0788 0.9786 0.1902
vn -0.3754 0.1936 0.9064
vn -0.2746 0.6966 0.6629
vn -0.1144 -0.9786 0.1712
vn -0.5451 -0.1936 0.8157
vn -0.3986 -0.6966 0.5966
vn -0.1144 0.9786 0.1712
vn -0.5451 0.1936 0.8157
vn -0.3986 0.6966 0.5966
vn -0.1456 -0.9786 0.1456
vn -0.6937 -0.1936 0.6937
vn -0.5073 -0.6966 0.5073
vn -0.1456 0.9786 0.1456
vn -0.6937 0.1936 0.6937
vn -0.5073 0.6966 0.5073
vn -0.1712 -0.9786 0.1144
vn -0.8157 -0.1936 0.5451
vn -0.5966 -0.6966 0.3986
vn -0.1712 0.9786 0.1144
vn -0.8157 0.1936 0.5451
vn -0.5966 0.6966 0.3986
vn -0.1902 -0.9786 0.0788
vn -0.9064 -0.1936 0.3754
vn -0.6629 -0.6966 0.2746
vn -0.1902 0.9786 0.0788
vn -0.9064 0.1936 0.3754
vn -0.6629 0.6966 0.2746
vn -0.2019 -0.9786 0.0402
vn -0.9622 -0.1936 0.1914
vn -0.7037 -0.6966 0.1400
vn -0.2019 0.9786 0.0402
vn -0.9622 0.1936 0.1914
vn -0.7037 0.6966 0.1400
vn -0.2059 -0.9786 -0.0000
vn -0.9811 -0.1936 -0.0000
vn -0.7175 -0.6966 -0.0000
vn -0.2059 0.9786 -0.0000
vn -0.9811 0.1936 -0.0000
vn -0.7175 0.6966 -0.0000
vn -0.2019 -0.9786 -0.0402
vn -0.9622 -0.1936 -0.1914
vn -0.7037 -0.6966 -0.1400
vn -0.2019 0.9786 -0.0402
vn -0.9622 0.1936 -0.1914
vn -0.7037 0.6966 -0.1400
vn -0.1902 -0.9786 -0.0788
vn -0.9064 -0.1936 -0.3754
vn -0.6629 -0.6966 -0.2746
vn -0.1902 0.9786 -0.0788
vn -0.9064 0.1936 -0.3754
vn -0.6629 0.6966 -0.2746
vn -0.1712 -0.9786 -0.1144
vn -0.8157 -0.1936 -0.5451
vn -0.5966 -0.6966 -0.3986
vn -0.1712 0.9786 -0.1144
vn -0.8157 0.1936 -0.5451
vn -0.5966 0.6966 -0.3986
vn -0.1456 -0.9786 -0.1456
vn -0.6937 -0.1936 -0.6937
vn -0.5073 -0.6966 -0.5073
vn -0.1456 0.9786 -0.1456
vn -0.6937 0.1936 -0.6937
vn -0.5073 0.6966 -0.5073
vn -0.1144 -0.9786 -0.1712
vn -0.5451 -0.1936 -0.8157
vn -0.3986 -0.6966 -0.5966
vn -0.1144 0.9786 -0.1712
vn -0.5451 0.1936 -0.8157
vn -0.3986 0.6966 -0.5966
vn -0.0788 -0.9786 -0.1902
vn -0.3754 -0.1936 -0.9064
vn -0.2746 -0.6966 -0.6629
vn -0.0788 0.9786 -0.1902
vn -0.3754 0.1936 -0.9064
vn -0.2746 0.6966 -0.6629
vn -0.0402 -0.9786 -0.2019
vn -0.1914 -0.1936 -0.9622
vn -0.1400 -0.6966 -0.7037
vn -0.0402 0.9786 -0.2019
vn -0.1914 0.1936 -0.9622
vn -0.1400 0.6966 -0.7037
vt 0.750000 0.062500
vt 0.750000 0.125000
vt 0.718750 0.125000
vt 0.718750 0.062500
vt 0.750000 0.500000
vt 0.750000 0.562500
vt 0.718750 0.562500
vt 0.718750 0.500000
vt 0.750000 0.937500
vt 0.734375 1.000000
vt 0.718750 0.937500
vt 0.734375 0.000000
vt 0.750000 0.437500
vt 0.718750 0.437500
vt 0.750000 0.875000
vt 0.718750 0.875000
vt 0.750000 0.375000
vt 0.718750 0.375000
vt 0.750000 0.812500
vt 0.718750 0.812500
vt 0.750000 0.312500
vt 0.718750 0.312500
vt 0.750000 0.750000
vt 0.718750 0.750000
vt 0.750000 0.250000
vt 0.718750 0.250000
vt 0.750000 0.687500
vt 0.718750 0.687500
vt 0.750000 0.187500
vt 0.718750 0.187500
vt 0.750000 0.625000
vt 0.718750 0.625000
vt 0.687500 0.687500
vt 0.687500 0.625000
vt 0.687500 0.187500
vt 0.687500 0.125000
vt 0.687500 0.562500
vt 0.687500 0.062500
vt 0.687500 0.500000
vt 0.703125 1.000000
vt 0.687500 0.937500
vt 0.703125 0.000000
vt 0.687500 0.437500
vt 0.687500 0.875000
vt 0.687500 0.375000
vt 0.687500 0.812500
vt 0.687500 0.312500
vt 0.687500 0.750000
vt 0.687500 0.250000
vt 0.656250 0.437500
vt 0.656250 0.375000
vt 0.656250 0.875000
vt 0.656250 0.812500
vt 0.656250 0.312500
vt 0.656250 0.750000
vt 0.656250 0.250000
vt 0.656250 0.687500
vt 0.656250 0.187500
vt 0.656250 0.625000
vt 0.656250 0.125000
vt 0.656250 0.562500
vt 0.656250 0.062500
vt 0.656250 0.500000
vt 0.671875 1.000000
vt 0.656250 0.937500
vt 0.671875 0.000000
vt 0.625000 0.187500
vt 0.625000 0.125000
vt 0.625000 0.625000
vt 0.625000 0.562500
vt 0.625000 0.062500
vt 0.625000 0.500000
vt 0.640625 1.000000
vt 0.625000 0.937500
vt 0.640625 0.000000
vt 0.625000 0.437500
vt 0.625000 0.875000
vt 0.625000 0.375000
vt 0.625000 0.812500
vt 0.625000 0.312500
vt 0.625000 0.750000
vt 0.625000 0.250000
vt 0.625000 0.687500
vt 0.593750 0.375000
vt 0.593750 0.312500
vt 0.593750 0.812500
vt 0.593750 0.750000
vt 0.593750 0.250000
vt 0.593750 0.687500
vt 0.593750 0.187500
vt 0.593750 0.625000
vt 0.593750 0.125000
vt 0.593750 0.562500
vt 0.593750 0.062500
vt 0.593750 0.500000
vt 0.609375 1.000000
vt 0.593750 0.937500
vt 0.609375 0.000000
vt 0.593750 0.437500
vt 0.593750 0.875000
vt 0.562500 0.125000
vt 0.562500 0.062500
vt 0.562500 0.562500
vt 0.562500 0.500000
vt 0.578125 1.000000
vt 0.562500 0.937500
vt 0.578125 0.000000
vt 0.562500 0.437500
vt 0.562500 0.875000
vt 0.562500 0.375000
vt 0.562500 0.812500
vt 0.562500 0.312500
vt 0.562500 0.750000
vt 0.562500 0.250000
vt 0.562500 0.687500
vt 0.562500 0.187500
vt 0.562500 0.625000
vt 0.531250 0.812500
vt 0.531250 0.750000
vt 0.531250 0.312500
vt 0.531250 0.250000
vt 0.531250 0.687500
vt 0.531250 0.187500
vt 0.531250 0.625000
vt 0.531250 0.125000
vt 0.531250 0.562500
vt 0.531250 0.062500
vt 0.531250 0.500000
vt 0.546875 1.000000
vt 0.531250 0.937500
vt 0.546875 0.000000
vt 0.531250 0.437500
vt 0.531250 0.875000
vt 0.531250 0.375000
vt 0.500000 0.562500
vt 0.500000 0.500000
vt 0.515625 1.000000
vt 0.500000 0.937500
vt 0.515625 0.000000
vt 0.500000 0.062500
vt 0.500000 0.437500
vt 0.500000 0.875000
vt 0.500000 0.375000
vt 0.500000 0.812500
vt 0.500000 0.312500
vt 0.500000 0.750000
vt 0.500000 0.250000
vt 0.500000 0.687500
vt 0.500000 0.187500
vt 0.500000 0.625000
vt 0.500000 0.125000
vt 0.468750 0.312500
vt 0.468750 0.250000
vt 0.468750 0.750000
vt 0.468750 0.687500
vt 0.468750 0.187500
vt 0.468750 0.625000
vt 0.468750 0.125000
vt 0.468750 0.562500
vt 0.468750 0.062500
vt 0.468750 0.500000
vt 0.484375 1.000000
vt 0.468750 0.937500
vt 0.484375 0.000000
vt 0.468750 0.437500
vt 0.468750 0.875000
vt 0.468750 0.375000
vt 0.468750 0.812500
vt 0.453125 1.000000
vt 0.437500 0.937500
vt 0.453125 0.000000
vt 0.437500 0.062500
vt 0.437500 0.500000
vt 0.437500 0.437500
vt 0.437500 0.875000
vt 0.437500 0.375000
vt 0.437500 0.812500
vt 0.437500 0.312500
vt 0.437500 0.750000
vt 0.437500 0.250000
vt 0.437500 0.687500
vt 0.437500 0.187500
vt 0.437500 0.625000
vt 0.437500 0.125000
vt 0.437500 0.562500
vt 0.406250 0.750000
vt 0.406250 0.687500
vt 0.406250 0.250000
vt 0.406250 0.187500
vt 0.406250 0.625000
vt 0.406250 0.125000
vt 0.406250 0.562500
vt 0.406250 0.062500
vt 0.406250 0.500000
vt 0.421875 1.000000
vt 0.406250 0.937500
vt 0.421875 0.000000
vt 0.406250 0.437500
vt 0.406250 0.875000
vt 0.406250 0.375000
vt 0.406250 0.812500
vt 0.406250 0.312500
vt 0.375000 0.500000
vt 0.375000 0.437500
vt 0.375000 0.937500
vt 0.375000 0.875000
vt 0.375000 0.375000
vt 0.375000 0.812500
vt 0.375000 0.312500
vt 0.375000 0.750000
vt 0.375000 0.250000
vt 0.375000 0.687500
vt 0.375000 0.187500
vt 0.375000 0.625000
vt 0.375000 0.125000
vt 0.375000 0.562500
vt 0.375000 0.062500
vt 0.390625 1.000000
vt 0.390625 0.000000
vt 0.343750 0.250000
vt 0.343750 0.187500
vt 0.343750 0.687500
vt 0.343750 0.625000
vt 0.343750 0.125000
vt 0.343750 0.562500
vt 0.343750 0.062500
vt 0.343750 0.500000
vt 0.359375 1.000000
vt 0.343750 0.937500
vt 0.359375 0.000000
vt 0.343750 0.437500
vt 0.343750 0.875000
vt 0.343750 0.375000
vt 0.343750 0.812500
vt 0.343750 0.312500
vt 0.343750 0.750000
vt 0.312500 0.437500
vt 0.312500 0.375000
vt 0.312500 0.875000
vt 0.312500 0.812500
vt 0.312500 0.312500
vt 0.312500 0.750000
vt 0.312500 0.250000
vt 0.312500 0.687500
vt 0.312500 0.187500
vt 0.312500 0.625000
vt 0.312500 0.125000
vt 0.312500 0.562500
vt 0.312500 0.062500
vt 0.312500 0.500000
vt 0.328125 1.000000
vt 0.312500 0.937500
vt 0.328125 0.000000
vt 0.281250 0.187500
vt 0.281250 0.125000
vt 0.281250 0.625000
vt 0.281250 0.562500
vt 0.281250 0.062500
vt 0.281250 0.500000
vt 0.296875 1.000000
vt 0.281250 0.937500
vt 0.296875 0.000000
vt 0.281250 0.437500
vt 0.281250 0.875000
vt 0.281250 0.375000
vt 0.281250 0.812500
vt 0.281250 0.312500
vt 0.281250 0.750000
vt 0.281250 0.250000
vt 0.281250 0.687500
vt 0.250000 0.875000
vt 0.250000 0.812500
vt 0.250000 0.375000
vt 0.250000 0.312500
vt 0.250000 0.750000
vt 0.250000 0.250000
vt 0.250000 0.687500
vt 0.250000 0.187500
vt 0.250000 0.625000
vt 0.250000 0.125000
vt 0.250000 0.562500
vt 0.250000 0.062500
vt 0.250000 0.500000
vt 0.265625 1.000000
vt 0.250000 0.937500
vt 0.265625 0.000000
vt 0.250000 0.437500
vt 0.218750 0.625000
vt 0.218750 0.562500
vt 0.218750 0.125000
vt 0.218750 0.062500
vt 0.218750 0.500000
vt 0.234375 1.000000
vt 0.218750 0.937500
vt 0.234375 0.000000
vt 0.218750 0.437500
vt 0.218750 0.875000
vt 0.218750 0.375000
vt 0.218750 0.812500
vt 0.218750 0.312500
vt 0.218750 0.750000
vt 0.218750 0.250000
vt 0.218750 0.687500
vt 0.218750 0.187500
vt 0.187500 0.375000
vt 0.187500 0.312500
vt 0.187500 0.812500
vt 0.187500 0.750000
vt 0.187500 0.250000
vt 0.187500 0.687500
vt 0.187500 0.187500
vt 0.187500 0.625000
vt 0.187500 0.125000
vt 0.187500 0.562500
vt 0.187500 0.062500
vt 0.187500 0.500000
vt 0.203125 1.000000
vt 0.187500 0.937500
vt 0.203125 0.000000
vt 0.187500 0.437500
vt 0.187500 0.875000
vt 0.156250 0.125000
vt 0.156250 0.062500
vt 0.156250 0.562500
vt 0.156250 0.500000
vt 0.171875 1.000000
vt 0.156250 0.937500
vt 0.171875 0.000000
vt 0.156250 0.437500
vt 0.156250 0.875000
vt 0.156250 0.375000
vt 0.156250 0.812500
vt 0.156250 0.312500
vt 0.156250 0.750000
vt 0.156250 0.250000
vt 0.156250 0.687500
vt 0.156250 0.187500
vt 0.156250 0.625000
vt 0.125000 0.812500
vt 0.125000 0.750000
vt 0.125000 0.312500
vt 0.125000 0.250000
vt 0.125000 0.687500
vt 0.125000 0.187500
vt 0.125000 0.625000
vt 0.125000 0.125000
vt 0.125000 0.562500
vt 0.125000 0.062500
vt 0.125000 0.500000
vt 0.140625 1.000000
vt 0.125000 0.937500
vt 0.140625 0.000000
vt 0.125000 0.437500
vt 0.125000 0.875000
vt 0.125000 0.375000
vt 0.093750 0.562500
vt 0.093750 0.500000
vt 0.109375 1.000000
vt 0.093750 0.937500
vt 0.109375 0.000000
vt 0.093750 0.062500
vt 0.093750 0.437500
vt 0.093750 0.875000
vt 0.093750 0.375000
vt 0.093750 0.812500
vt 0.093750 0.312500
vt 0.093750 0.750000
vt 0.093750 0.250000
vt 0.093750 0.687500
vt 0.093750 0.187500
vt 0.093750 0.625000
vt 0.093750 0.125000
vt 0.062500 0.312500
vt 0.062500 0.250000
vt 0.062500 0.750000
vt 0.062500 0.687500
vt 0.062500 0.187500
vt 0.062500 0.625000
vt 0.062500 0.125000
vt 0.062500 0.562500
vt 0.062500 0.062500
vt 0.062500 0.500000
vt 0.078125 1.000000
vt 0.062500 0.937500
vt 0.078125 0.000000
vt 0.062500 0.437500
vt 0.062500 0.875000
vt 0.062500 0.375000
vt 0.062500 0.812500
vt 0.046875 0.000000
vt 0.031250 0.062500
vt 0.031250 0.500000
vt 0.031250 0.437500
vt 0.031250 0.937500
vt 0.031250 0.875000
vt 0.031250 0.375000
vt 0.031250 0.812500
vt 0.031250 0.312500
vt 0.031250 0.750000
vt 0.031250 0.250000
vt 0.031250 0.687500
vt 0.031250 0.187500
vt 0.031250 0.625000
vt 0.031250 0.125000
vt 0.031250 0.562500
vt 0.046875 1.000000
vt 0.000000 0.250000
vt 0.000000 0.187500
vt 0.000000 0.687500
vt 0.000000 0.625000
vt 0.000000 0.125000
vt 0.000000 0.562500
vt 0.000000 0.062500
vt 0.000000 0.500000
vt 0.015625 1.000000
vt 0.000000 0.937500
vt 0.015625 0.000000
vt 0.000000 0.437500
vt 0.000000 0.875000
vt 0.000000 0.375000
vt 0.000000 0.812500
vt 0.000000 0.312500
vt 0.000000 0.750000
vt 1.000000 0.875000
vt 1.000000 0.937500
vt 0.968750 0.937500
vt 0.968750 0.875000
vt 1.000000 0.375000
vt 1.000000 0.437500
vt 0.968750 0.437500
vt 0.968750 0.375000
vt 1.000000 0.812500
vt 0.968750 0.812500
vt 1.000000 0.312500
vt 0.968750 0.312500
vt 1.000000 0.750000
vt 0.968750 0.750000
vt 1.000000 0.250000
vt 0.968750 0.250000
vt 1.000000 0.687500
vt 0.968750 0.687500
vt 1.000000 0.187500
vt 0.968750 0.187500
vt 1.000000 0.625000
vt 0.968750 0.625000
vt 1.000000 0.125000
vt 0.968750 0.125000
vt 1.000000 0.562500
vt 0.968750 0.562500
vt 1.000000 0.062500
vt 0.968750 0.062500
vt 1.000000 0.500000
vt 0.968750 0.500000
vt 0.984375 1.000000
vt 0.984375 0.000000
vt 0.937500 0.687500
vt 0.937500 0.625000
vt 0.937500 0.187500
vt 0.937500 0.125000
vt 0.937500 0.562500
vt 0.937500 0.062500
vt 0.937500 0.500000
vt 0.953125 1.000000
vt 0.937500 0.937500
vt 0.953125 0.000000
vt 0.937500 0.437500
vt 0.937500 0.875000
vt 0.937500 0.375000
vt 0.937500 0.812500
vt 0.937500 0.312500
vt 0.937500 0.750000
vt 0.937500 0.250000
vt 0.906250 0.437500
vt 0.906250 0.375000
vt 0.906250 0.875000
vt 0.906250 0.812500
vt 0.906250 0.312500
vt 0.906250 0.750000
vt 0.906250 0.250000
vt 0.906250 0.687500
vt 0.906250 0.187500
vt 0.906250 0.625000
vt 0.906250 0.125000
vt 0.906250 0.562500
vt 0.906250 0.062500
vt 0.906250 0.500000
vt 0.921875 1.000000
vt 0.906250 0.937500
vt 0.921875 0.000000
vt 0.875000 0.187500
vt 0.875000 0.125000
vt 0.875000 0.625000
vt 0.875000 0.562500
vt 0.875000 0.062500
vt 0.875000 0.500000
vt 0.890625 1.000000
vt 0.875000 0.937500
vt 0.890625 0.000000
vt 0.875000 0.437500
vt 0.875000 0.875000
vt 0.875000 0.375000
vt 0.875000 0.812500
vt 0.875000 0.312500
vt 0.875000 0.750000
vt 0.875000 0.250000
vt 0.875000 0.687500
vt 0.843750 0.875000
vt 0.843750 0.812500
vt 0.843750 0.375000
vt 0.843750 0.312500
vt 0.843750 0.750000
vt 0.843750 0.250000
vt 0.843750 0.687500
vt 0.843750 0.187500
vt 0.843750 0.625000
vt 0.843750 0.125000
vt 0.843750 0.562500
vt 0.843750 0.062500
vt 0.843750 0.500000
vt 0.859375 1.000000
vt 0.843750 0.937500
vt 0.859375 0.000000
vt 0.843750 0.437500
vt 0.812500 0.625000
vt 0.812500 0.562500
vt 0.812500 0.125000
vt 0.812500 0.062500
vt 0.812500 0.500000
vt 0.828125 1.000000
vt 0.812500 0.937500
vt 0.828125 0.000000
vt 0.812500 0.437500
vt 0.812500 0.875000
vt 0.812500 0.375000
vt 0.812500 0.812500
vt 0.812500 0.312500
vt 0.812500 0.750000
vt 0.812500 0.250000
vt 0.812500 0.687500
vt 0.812500 0.187500
vt 0.781250 0.375000
vt 0.781250 0.312500
vt 0.781250 0.812500
vt 0.781250 0.750000
vt 0.781250 0.250000
vt 0.781250 0.687500
vt 0.781250 0.187500
vt 0.781250 0.625000
vt 0.781250 0.125000
vt 0.781250 0.562500
vt 0.781250 0.062500
vt 0.781250 0.500000
vt 0.796875 1.000000
vt 0.781250 0.937500
vt 0.796875 0.000000
vt 0.781250 0.437500
vt 0.781250 0.875000
vt 0.765625 1.000000
vt 0.765625 0.000000
vt 1.000000 0.512500
vt 0.968750 0.512500
vt 0.968750 0.500000
vt 0.999540 0.500000
vt 0.750000 0.489932
vt 0.796808 0.485322
vt 0.792117 0.461736
vt 0.750000 0.465884
vt 0.968750 0.987500
vt 1.000000 0.987500
vt 0.999540 1.000000
vt 0.968750 1.000000
vt 0.296808 0.485322
vt 0.250000 0.489932
vt 0.250000 0.465884
vt 0.292117 0.461736
vt 0.937500 0.512500
vt 0.937500 0.500000
vt 0.841818 0.471668
vt 0.832615 0.449451
vt 0.937500 0.987500
vt 0.937500 1.000000
vt 0.341818 0.471668
vt 0.332615 0.449451
vt 0.906250 0.512500
vt 0.906250 0.500000
vt 0.883299 0.449496
vt 0.869939 0.429501
vt 0.906250 0.987500
vt 0.906250 1.000000
vt 0.383299 0.449496
vt 0.369939 0.429501
vt 0.875000 0.512500
vt 0.875000 0.500000
vt 0.919658 0.419658
vt 0.902653 0.402653
vt 0.875000 0.987500
vt 0.875000 1.000000
vt 0.419658 0.419658
vt 0.402653 0.402653
vt 0.843750 0.512500
vt 0.843750 0.500000
vt 0.949496 0.383299
vt 0.929501 0.369939
vt 0.843750 0.987500
vt 0.843750 1.000000
vt 0.449496 0.383299
vt 0.429501 0.369939
vt 0.812500 0.512500
vt 0.812500 0.500000
vt 0.971668 0.341818
vt 0.949451 0.332615
vt 0.812500 0.987500
vt 0.812500 1.000000
vt 0.471668 0.341818
vt 0.449451 0.332615
vt 0.781250 0.512500
vt 0.781250 0.500000
vt 0.985322 0.296808
vt 0.961736 0.292117
vt 0.781250 0.987500
vt 0.781250 1.000000
vt 0.485322 0.296808
vt 0.461736 0.292117
vt 0.750000 0.512500
vt 0.989932 0.250000
vt 0.965884 0.250000
vt 0.750000 0.987500
vt 0.750000 1.000000
vt 0.489932 0.250000
vt 0.465884 0.250000
vt 0.718750 0.512500
vt 0.985322 0.203192
vt 0.961736 0.207883
vt 0.718750 0.987500
vt 0.718750 1.000000
vt 0.485322 0.203192
vt 0.461736 0.207883
vt 0.687500 0.512500
vt 0.971668 0.158182
vt 0.949451 0.167385
vt 0.687500 0.987500
vt 0.687500 1.000000
vt 0.471668 0.158182
vt 0.449451 0.167385
vt 0.656250 0.512500
vt 0.949496 0.116701
vt 0.929501 0.130061
vt 0.656250 0.987500
vt 0.656250 1.000000
vt 0.449496 0.116701
vt 0.429501 0.130061
vt 0.625000 0.512500
vt 0.919658 0.080342
vt 0.902653 0.097347
vt 0.625000 0.987500
vt 0.625000 1.000000
vt 0.419658 0.080342
vt 0.402653 0.097347
vt 0.593750 0.512500
vt 0.883299 0.050504
vt 0.869939 0.070499
vt 0.593750 0.987500
vt 0.593750 1.000000
vt 0.383299 0.050504
vt 0.369939 0.070499
vt 0.562500 0.512500
vt 0.841818 0.028332
vt 0.832616 0.050549
vt 0.562500 0.987500
vt 0.562500 1.000000
vt 0.341818 0.028332
vt 0.332615 0.050549
vt 0.531250 0.512500
vt 0.796808 0.014678
vt 0.792117 0.038264
vt 0.531250 0.987500
vt 0.531250 1.000000
vt 0.296808 0.014678
vt 0.292117 0.038264
vt 0.500000 0.512500
vt 0.500000 0.500000
vt 0.750000 0.010068
vt 0.750000 0.034116
vt 0.500000 0.987500
vt 0.500000 1.000000
vt 0.250000 0.010068
vt 0.250000 0.034116
vt 0.468750 0.512500
vt 0.468750 0.500000
vt 0.703192 0.014678
vt 0.707883 0.038264
vt 0.468750 0.987500
vt 0.468750 1.000000
vt 0.203192 0.014678
vt 0.207883 0.038264
vt 0.437500 0.512500
vt 0.437500 0.500000
vt 0.658182 0.028332
vt 0.667385 0.050549
vt 0.437500 0.987500
vt 0.437500 1.000000
vt 0.158182 0.028332
vt 0.167385 0.050549
vt 0.406250 0.512500
vt 0.406250 0.500000
vt 0.616701 0.050504
vt 0.630061 0.070499
vt 0.406250 0.987500
vt 0.406250 1.000000
vt 0.116701 0.050504
vt 0.130061 0.070499
vt 0.375000 0.512500
vt 0.375000 0.500000
vt 0.580342 0.080342
vt 0.597347 0.097347
vt 0.375000 0.987500
vt 0.375000 1.000000
vt 0.080342 0.080342
vt 0.097347 0.097347
vt 0.343750 0.512500
vt 0.343750 0.500000
vt 0.550504 0.116701
vt 0.570499 0.130061
vt 0.343750 0.987500
vt 0.343750 1.000000
vt 0.050504 0.116701
vt 0.070499 0.130061
vt 0.312500 0.512500
vt 0.312500 0.500000
vt 0.528332 0.158182
vt 0.550549 0.167385
vt 0.312500 0.987500
vt 0.312500 1.000000
vt 0.028332 0.158182
vt 0.050549 0.167385
vt 0.281250 0.512500
vt 0.281250 0.500000
vt 0.514678 0.203192
vt 0.538264 0.207883
vt 0.281250 0.987500
vt 0.281250 1.000000
vt 0.014678 0.203192
vt 0.038264 0.207883
vt 0.250000 0.512500
vt 0.250000 0.500000
vt 0.510068 0.250000
vt 0.534116 0.250000
vt 0.250000 0.987500
vt 0.250000 1.000000
vt 0.010068 0.250000
vt 0.034116 0.250000
vt 0.218750 0.512500
vt 0.218750 0.500000
vt 0.514678 0.296808
vt 0.538264 0.292117
vt 0.218750 0.987500
vt 0.218750 1.000000
vt 0.014678 0.296808
vt 0.038264 0.292117
vt 0.187500 0.512500
vt 0.187500 0.500000
vt 0.528332 0.341818
vt 0.550549 0.332615
vt 0.187500 0.987500
vt 0.187500 1.000000
vt 0.028332 0.341818
vt 0.050549 0.332615
vt 0.156250 0.512500
vt 0.156250 0.500000
vt 0.550504 0.383299
vt 0.570499 0.369939
vt 0.156250 0.987500
vt 0.156250 1.000000
vt 0.050504 0.383299
vt 0.070499 0.369939
vt 0.125000 0.512500
vt 0.125000 0.500000
vt 0.580342 0.419658
vt 0.597347 0.402653
vt 0.125000 0.987500
vt 0.125000 1.000000
vt 0.080342 0.419658
vt 0.097347 0.402653
vt 0.093750 0.512500
vt 0.093750 0.500000
vt 0.616701 0.449496
vt 0.630061 0.429501
vt 0.093750 0.987500
vt 0.093750 1.000000
vt 0.116701 0.449496
vt 0.130061 0.429501
vt 0.062500 0.512500
vt 0.062500 0.500000
vt 0.658182 0.471668
vt 0.667385 0.449451
vt 0.062500 0.987500
vt 0.062500 1.000000
vt 0.158182 0.471668
vt 0.167385 0.449451
vt 0.031250 0.512500
vt 0.031250 0.500000
vt 0.703192 0.485322
vt 0.707884 0.461736
vt 0.031250 0.987500
vt 0.031250 1.000000
vt 0.203192 0.485322
vt 0.207883 0.461736
vt 0.000000 0.512500
vt 0.000460 0.500000
vt 0.000000 0.987500
vt 0.000460 1.000000
s 1
f 482/1/482 481/2/481 22/3/22 23/4/23
f 5/5/5 4/6/4 15/7/15 16/8/16
f 474/9/474 1/10/1 9/11/9
f 8/12/8 482/1/482 23/4/23
f 6/13/6 5/5/5 16/8/16 17/14/17
f 475/15/475 474/9/474 9/11/9 10/16/10
f 478/17/478 6/13/6 17/14/17 18/18/18
f 2/19/2 475/15/475 10/16/10 11/20/11
f 7/21/7 478/17/478 18/18/18 19/22/19
f 476/23/476 2/19/2 11/20/11 12/24/12
f 479/25/479 7/21/7 19/22/19 20/26/20
f 3/27/3 476/23/476 12/24/12 13/28/13
f 480/29/480 479/25/479 20/26/20 21/30/21
f 477/31/477 3/27/3 13/28/13 14/32/14
f 481/2/481 480/29/480 21/30/21 22/3/22
f 4/6/4 477/31/477 14/32/14 15/7/15
f 14/32/14 13/28/13 28/33/28 29/34/29
f 22/3/22 21/30/21 36/35/36 37/36/37
f 15/7/15 14/32/14 29/34/29 30/37/30
f 23/4/23 22/3/22 37/36/37 38/38/38
f 16/8/16 15/7/15 30/37/30 31/39/31
f 9/11/9 1/40/1 24/41/24
f 8/42/8 23/4/23 38/38/38
f 17/14/17 16/8/16 31/39/31 32/43/32
f 10/16/10 9/11/9 24/41/24 25/44/25
f 18/18/18 17/14/17 32/43/32 33/45/33
f 11/20/11 10/16/10 25/44/25 26/46/26
f 19/22/19 18/18/18 33/45/33 34/47/34
f 12/24/12 11/20/11 26/46/26 27/48/27
f 20/26/20 19/22/19 34/47/34 35/49/35
f 13/28/13 12/24/12 27/48/27 28/33/28
f 21/30/21 20/26/20 35/49/35 36/35/36
f 33/45/33 32/43/32 47/50/47 48/51/48
f 26/46/26 25/44/25 40/52/40 41/53/41
f 34/47/34 33/45/33 48/51/48 49/54/49
f 27/48/27 26/46/26 41/53/41 42/55/42
f 35/49/35 34/47/34 49/54/49 50/56/50
f 28/33/28 27/48/27 42/55/42 43/57/43
f 36/35/36 35/49/35 50/56/50 51/58/51
f 29/34/29 28/33/28 43/57/43 44/59/44
f 37/36/37 36/35/36 51/58/51 52/60/52
f 30/37/30 29/34/29 44/59/44 45/61/45
f 38/38/38 37/36/37 52/60/52 53/62/53
f 31/39/31 30/37/30 45/61/45 46/63/46
f 24/41/24 1/64/1 39/65/39
f 8/66/8 38/38/38 53/62/53
f 32/43/32 31/39/31 46/63/46 47/50/47
f 25/44/25 24/41/24 39/65/39 40/52/40
f 52/60/52 51/58/51 66/67/66 67/68/67
f 45/61/45 44/59/44 59/69/59 60/70/60
f 53/62/53 52/60/52 67/68/67 68/71/68
f 46/63/46 45/61/45 60/70/60 61/72/61
f 39/65/39 1/73/1 54/74/54
f 8/75/8 53/62/53 68/71/68
f 47/50/47 46/63/46 61/72/61 62/76/62
f 40/52/40 39/65/39 54/74/54 55/77/55
f 48/51/48 47/50/47 62/76/62 63/78/63
f 41/53/41 40/52/40 55/77/55 56/79/56
f 49/54/49 48/51/48 63/78/63 64/80/64
f 42/55/42 41/53/41 56/79/56 57/81/57
f 50/56/50 49/54/49 64/80/64 65/82/65
f 43/57/43 42/55/42 57/81/57 58/83/58
f 51/58/51 50/56/50 65/82/65 66/67/66
f 44/59/44 43/57/43 58/83/58 59/69/59
f 64/80/64 63/78/63 78/84/78 79/85/79
f 57/81/57 56/79/56 71/86/71 72/87/72
f 65/82/65 64/80/64 79/85/79 80/88/80
f 58/83/58 57/81/57 72/87/72 73/89/73
f 66/67/66 65/82/65 80/88/80 81/90/81
f 59/69/59 58/83/58 73/89/73 74/91/74
f 67/68/67 66/67/66 81/90/81 82/92/82
f 60/70/60 59/69/59 74/91/74 75/93/75
f 68/71/68 67/68/67 82/92/82 83/94/83
f 61/72/61 60/70/60 75/93/75 76/95/76
f 54/74/54 1/96/1 69/97/69
f 8/98/8 68/71/68 83/94/83
f 62/76/62 61/72/61 76/95/76 77/99/77
f 55/77/55 54/74/54 69/97/69 70/100/70
f 63/78/63 62/76/62 77/99/77 78/84/78
f 56/79/56 55/77/55 70/100/70 71/86/71
f 83/94/83 82/92/82 97/101/97 98/102/98
f 76/95/76 75/93/75 90/103/90 91/104/91
f 69/97/69 1/105/1 84/106/84
f 8/107/8 83/94/83 98/102/98
f 77/99/77 76/95/76 91/104/91 92/108/92
f 70/100/70 69/97/69 84/106/84 85/109/85
f 78/84/78 77/99/77 92/108/92 93/110/93
f 71/86/71 70/100/70 85/109/85 86/111/86
f 79/85/79 78/84/78 93/110/93 94/112/94
f 72/87/72 71/86/71 86/111/86 87/113/87
f 80/88/80 79/85/79 94/112/94 95/114/95
f 73/89/73 72/87/72 87/113/87 88/115/88
f 81/90/81 80/88/80 95/114/95 96/116/96
f 74/91/74 73/89/73 88/115/88 89/117/89
f 82/92/82 81/90/81 96/116/96 97/101/97
f 75/93/75 74/91/74 89/117/89 90/103/90
f 87/113/87 86/111/86 101/118/101 102/119/102
f 95/114/95 94/112/94 109/120/109 110/121/110
f 88/115/88 87/113/87 102/119/102 103/122/103
f 96/116/96 95/114/95 110/121/110 111/123/111
f 89/117/89 88/115/88 103/122/103 104/124/104
f 97/101/97 96/116/96 111/123/111 112/125/112
f 90/103/90 89/117/89 104/124/104 105/126/105
f 98/102/98 97/101/97 112/125/112 113/127/113
f 91/104/91 90/103/90 105/126/105 106/128/106
f 84/106/84 1/129/1 99/130/99
f 8/131/8 98/102/98 113/127/113
f 92/108/92 91/104/91 106/128/106 107/132/107
f 85/109/85 84/106/84 99/130/99 100/133/100
f 93/110/93 92/108/92 107/132/107 108/134/108
f 86/111/86 85/109/85 100/133/100 101/118/101
f 94/112/94 93/110/93 108/134/108 109/120/109
f 106/128/106 105/126/105 120/135/120 121/136/121
f 99/130/99 1/137/1 114/138/114
f 8/139/8 113/127/113 128/140/128
f 107/132/107 106/128/106 121/136/121 122/141/122
f 100/133/100 99/130/99 114/138/114 115/142/115
f 108/134/108 107/132/107 122/141/122 123/143/123
f 101/118/101 100/133/100 115/142/115 116/144/116
f 109/120/109 108/134/108 123/143/123 124/145/124
f 102/119/102 101/118/101 116/144/116 117/146/117
f 110/121/110 109/120/109 124/145/124 125/147/125
f 103/122/103 102/119/102 117/146/117 118/148/118
f 111/123/111 110/121/110 125/147/125 126/149/126
f 104/124/104 103/122/103 118/148/118 119/150/119
f 112/125/112 111/123/111 126/149/126 127/151/127
f 105/126/105 104/124/104 119/150/119 120/135/120
f 113/127/113 112/125/112 127/151/127 128/140/128
f 125/147/125 124/145/124 139/152/139 140/153/140
f 118/148/118 117/146/117 132/154/132 133/155/133
f 126/149/126 125/147/125 140/153/140 141/156/141
f 119/150/119 118/148/118 133/155/133 134/157/134
f 127/151/127 126/149/126 141/156/141 142/158/142
f 120/135/120 119/150/119 134/157/134 135/159/135
f 128/140/128 127/151/127 142/158/142 143/160/143
f 121/136/121 120/135/120 135/159/135 136/161/136
f 114/138/114 1/162/1 129/163/129
f 8/164/8 128/140/128 143/160/143
f 122/141/122 121/136/121 136/161/136 137/165/137
f 115/142/115 114/138/114 129/163/129 130/166/130
f 123/143/123 122/141/122 137/165/137 138/167/138
f 116/144/116 115/142/115 130/166/130 131/168/131
f 124/145/124 123/143/123 138/167/138 139/152/139
f 117/146/117 116/144/116 131/168/131 132/154/132
f 129/163/129 1/169/1 144/170/144
f 8/171/8 143/160/143 158/172/158
f 137/165/137 136/161/136 151/173/151 152/174/152
f 130/166/130 129/163/129 144/170/144 145/175/145
f 138/167/138 137/165/137 152/174/152 153/176/153
f 131/168/131 130/166/130 145/175/145 146/177/146
f 139/152/139 138/167/138 153/176/153 154/178/154
f 132/154/132 131/168/131 146/177/146 147/179/147
f 140/153/140 139/152/139 154/178/154 155/180/155
f 133/155/133 132/154/132 147/179/147 148/181/148
f 141/156/141 140/153/140 155/180/155 156/182/156
f 134/157/134 133/155/133 148/181/148 149/183/149
f 142/158/142 141/156/141 156/182/156 157/184/157
f 135/159/135 134/157/134 149/183/149 150/185/150
f 143/160/143 142/158/142 157/184/157 158/172/158
f 136/161/136 135/159/135 150/185/150 151/173/151
f 148/181/148 147/179/147 162/186/162 163/187/163
f 156/182/156 155/180/155 170/188/170 171/189/171
f 149/183/149 148/181/148 163/187/163 164/190/164
f 157/184/157 156/182/156 171/189/171 172/191/172
f 150/185/150 149/183/149 164/190/164 165/192/165
f 158/172/158 157/184/157 172/191/172 173/193/173
f 151/173/151 150/185/150 165/192/165 166/194/166
f 144/170/144 1/195/1 159/196/159
f 8/197/8 158/172/158 173/193/173
f 152/174/152 151/173/151 166/194/166 167/198/167
f 145/175/145 144/170/144 159/196/159 160/199/160
f 153/176/153 152/174/152 167/198/167 168/200/168
f 146/177/146 145/175/145 160/199/160 161/201/161
f 154/178/154 153/176/153 168/200/168 169/202/169
f 147/179/147 146/177/146 161/201/161 162/186/162
f 155/180/155 154/178/154 169/202/169 170/188/170
f 167/198/167 166/194/166 181/203/181 182/204/182
f 160/199/160 159/196/159 174/205/174 175/206/175
f 168/200/168 167/198/167 182/204/182 183/207/183
f 161/201/161 160/199/160 175/206/175 176/208/176
f 169/202/169 168/200/168 183/207/183 184/209/184
f 162/186/162 161/201/161 176/208/176 177/210/177
f 170/188/170 169/202/169 184/209/184 185/211/185
f 163/187/163 162/186/162 177/210/177 178/212/178
f 171/189/171 170/188/170 185/211/185 186/213/186
f 164/190/164 163/187/163 178/212/178 179/214/179
f 172/191/172 171/189/171 186/213/186 187/215/187
f 165/192/165 164/190/164 179/214/179 180/216/180
f 173/193/173 172/191/172 187/215/187 188/217/188
f 166/194/166 165/192/165 180/216/180 181/203/181
f 159/196/159 1/218/1 174/205/174
f 8/219/8 173/193/173 188/217/188
f 186/213/186 185/211/185 200/220/200 201/221/201
f 179/214/179 178/212/178 193/222/193 194/223/194
f 187/215/187 186/213/186 201/221/201 202/224/202
f 180/216/180 179/214/179 194/223/194 195/225/195
f 188/217/188 187/215/187 202/224/202 203/226/203
f 181/203/181 180/216/180 195/225/195 196/227/196
f 174/205/174 1/228/1 189/229/189
f 8/230/8 188/217/188 203/226/203
f 182/204/182 181/203/181 196/227/196 197/231/197
f 175/206/175 174/205/174 189/229/189 190/232/190
f 183/207/183 182/204/182 197/231/197 198/233/198
f 176/208/176 175/206/175 190/232/190 191/234/191
f 184/209/184 183/207/183 198/233/198 199/235/199
f 177/210/177 176/208/176 191/234/191 192/236/192
f 185/211/185 184/209/184 199/235/199 200/220/200
f 178/212/178 177/210/177 192/236/192 193/222/193
f 198/233/198 197/231/197 212/237/212 213/238/213
f 191/234/191 190/232/190 205/239/205 206/240/206
f 199/235/199 198/233/198 213/238/213 214/241/214
f 192/236/192 191/234/191 206/240/206 207/242/207
f 200/220/200 199/235/199 214/241/214 215/243/215
f 193/222/193 192/236/192 207/242/207 208/244/208
f 201/221/201 200/220/200 215/243/215 216/245/216
f 194/223/194 193/222/193 208/244/208 209/246/209
f 202/224/202 201/221/201 216/245/216 217/247/217
f 195/225/195 194/223/194 209/246/209 210/248/210
f 203/226/203 202/224/202 217/247/217 218/249/218
f 196/227/196 195/225/195 210/248/210 211/250/211
f 189/229/189 1/251/1 204/252/204
f 8/253/8 203/226/203 218/249/218
f 197/231/197 196/227/196 211/250/211 212/237/212
f 190/232/190 189/229/189 204/252/204 205/239/205
f 217/247/217 216/245/216 231/254/231 232/255/232
f 210/248/210 209/246/209 224/256/224 225/257/225
f 218/249/218 217/247/217 232/255/232 233/258/233
f 211/250/211 210/248/210 225/257/225 226/259/226
f 204/252/204 1/260/1 219/261/219
f 8/262/8 218/249/218 233/258/233
f 212/237/212 211/250/211 226/259/226 227/263/227
f 205/239/205 204/252/204 219/261/219 220/264/220
f 213/238/213 212/237/212 227/263/227 228/265/228
f 206/240/206 205/239/205 220/264/220 221/266/221
f 214/241/214 213/238/213 228/265/228 229/267/229
f 207/242/207 206/240/206 221/266/221 222/268/222
f 215/243/215 214/241/214 229/267/229 230/269/230
f 208/244/208 207/242/207 222/268/222 223/270/223
f 216/245/216 215/243/215 230/269/230 231/254/231
f 209/246/209 208/244/208 223/270/223 224/256/224
f 221/266/221 220/264/220 235/271/235 236/272/236
f 229/267/229 228/265/228 243/273/243 244/274/244
f 222/268/222 221/266/221 236/272/236 237/275/237
f 230/269/230 229/267/229 244/274/244 245/276/245
f 223/270/223 222/268/222 237/275/237 238/277/238
f 231/254/231 230/269/230 245/276/245 246/278/246
f 224/256/224 223/270/223 238/277/238 239/279/239
f 232/255/232 231/254/231 246/278/246 247/280/247
f 225/257/225 224/256/224 239/279/239 240/281/240
f 233/258/233 232/255/232 247/280/247 248/282/248
f 226/259/226 225/257/225 240/281/240 241/283/241
f 219/261/219 1/284/1 234/285/234
f 8/286/8 233/258/233 248/282/248
f 227/263/227 226/259/226 241/283/241 242/287/242
f 220/264/220 219/261/219 234/285/234 235/271/235
f 228/265/228 227/263/227 242/287/242 243/273/243
f 240/281/240 239/279/239 254/288/254 255/289/255
f 248/282/248 247/280/247 262/290/262 263/291/263
f 241/283/241 240/281/240 255/289/255 256/292/256
f 234/285/234 1/293/1 249/294/249
f 8/295/8 248/282/248 263/291/263
f 242/287/242 241/283/241 256/292/256 257/296/257
f 235/271/235 234/285/234 249/294/249 250/297/250
f 243/273/243 242/287/242 257/296/257 258/298/258
f 236/272/236 235/271/235 250/297/250 251/299/251
f 244/274/244 243/273/243 258/298/258 259/300/259
f 237/275/237 236/272/236 251/299/251 252/301/252
f 245/276/245 244/274/244 259/300/259 260/302/260
f 238/277/238 237/275/237 252/301/252 253/303/253
f 246/278/246 245/276/245 260/302/260 261/304/261
f 239/279/239 238/277/238 253/303/253 254/288/254
f 247/280/247 246/278/246 261/304/261 262/290/262
f 259/300/259 258/298/258 273/305/273 274/306/274
f 252/301/252 251/299/251 266/307/266 267/308/267
f 260/302/260 259/300/259 274/306/274 275/309/275
f 253/303/253 252/301/252 267/308/267 268/310/268
f 261/304/261 260/302/260 275/309/275 276/311/276
f 254/288/254 253/303/253 268/310/268 269/312/269
f 262/290/262 261/304/261 276/311/276 277/313/277
f 255/289/255 254/288/254 269/312/269 270/314/270
f 263/291/263 262/290/262 277/313/277 278/315/278
f 256/292/256 255/289/255 270/314/270 271/316/271
f 249/294/249 1/317/1 264/318/264
f 8/319/8 263/291/263 278/315/278
f 257/296/257 256/292/256 271/316/271 272/320/272
f 250/297/250 249/294/249 264/318/264 265/321/265
f 258/298/258 257/296/257 272/320/272 273/305/273
f 251/299/251 250/297/250 265/321/265 266/307/266
f 278/315/278 277/313/277 292/322/292 293/323/293
f 271/316/271 270/314/270 285/324/285 286/325/286
f 264/318/264 1/326/1 279/327/279
f 8/328/8 278/315/278 293/323/293
f 272/320/272 271/316/271 286/325/286 287/329/287
f 265/321/265 264/318/264 279/327/279 280/330/280
f 273/305/273 272/320/272 287/329/287 288/331/288
f 266/307/266 265/321/265 280/330/280 281/332/281
f 274/306/274 273/305/273 288/331/288 289/333/289
f 267/308/267 266/307/266 281/332/281 282/334/282
f 275/309/275 274/306/274 289/333/289 290/335/290
f 268/310/268 267/308/267 282/334/282 283/336/283
f 276/311/276 275/309/275 290/335/290 291/337/291
f 269/312/269 268/310/268 283/336/283 284/338/284
f 277/313/277 276/311/276 291/337/291 292/322/292
f 270/314/270 269/312/269 284/338/284 285/324/285
f 282/334/282 281/332/281 296/339/296 297/340/297
f 290/335/290 289/333/289 304/341/304 305/342/305
f 283/336/283 282/334/282 297/340/297 298/343/298
f 291/337/291 290/335/290 305/342/305 306/344/306
f 284/338/284 283/336/283 298/343/298 299/345/299
f 292/322/292 291/337/291 306/344/306 307/346/307
f 285/324/285 284/338/284 299/345/299 300/347/300
f 293/323/293 292/322/292 307/346/307 308/348/308
f 286/325/286 285/324/285 300/347/300 301/349/301
f 279/327/279 1/350/1 294/351/294
f 8/352/8 293/323/293 308/348/308
f 287/329/287 286/325/286 301/349/301 302/353/302
f 280/330/280 279/327/279 294/351/294 295/354/295
f 288/331/288 287/329/287 302/353/302 303/355/303
f 281/332/281 280/330/280 295/354/295 296/339/296
f 289/333/289 288/331/288 303/355/303 304/341/304
f 301/349/301 300/347/300 315/356/315 316/357/316
f 294/351/294 1/358/1 309/359/309
f 8/360/8 308/348/308 323/361/323
f 302/353/302 301/349/301 316/357/316 317/362/317
f 295/354/295 294/351/294 309/359/309 310/363/310
f 303/355/303 302/353/302 317/362/317 318/364/318
f 296/339/296 295/354/295 310/363/310 311/365/311
f 304/341/304 303/355/303 318/364/318 319/366/319
f 297/340/297 296/339/296 311/365/311 312/367/312
f 305/342/305 304/341/304 319/366/319 320/368/320
f 298/343/298 297/340/297 312/367/312 313/369/313
f 306/344/306 305/342/305 320/368/320 321/370/321
f 299/345/299 298/343/298 313/369/313 314/371/314
f 307/346/307 306/344/306 321/370/321 322/372/322
f 300/347/300 299/345/299 314/371/314 315/356/315
f 308/348/308 307/346/307 322/372/322 323/361/323
f 320/368/320 319/366/319 334/373/334 335/374/335
f 313/369/313 312/367/312 327/375/327 328/376/328
f 321/370/321 320/368/320 335/374/335 336/377/336
f 314/371/314 313/369/313 328/376/328 329/378/329
f 322/372/322 321/370/321 336/377/336 337/379/337
f 315/356/315 314/371/314 329/378/329 330/380/330
f 323/361/323 322/372/322 337/379/337 338/381/338
f 316/357/316 315/356/315 330/380/330 331/382/331
f 309/359/309 1/383/1 324/384/324
f 8/385/8 323/361/323 338/381/338
f 317/362/317 316/357/316 331/382/331 332/386/332
f 310/363/310 309/359/309 324/384/324 325/387/325
f 318/364/318 317/362/317 332/386/332 333/388/333
f 311/365/311 310/363/310 325/387/325 326/389/326
f 319/366/319 318/364/318 333/388/333 334/373/334
f 312/367/312 311/365/311 326/389/326 327/375/327
f 8/390/8 338/381/338 353/391/353
f 332/386/332 331/382/331 346/392/346 347/393/347
f 325/387/325 324/384/324 339/394/339 340/395/340
f 333/388/333 332/386/332 347/393/347 348/396/348
f 326/389/326 325/387/325 340/395/340 341/397/341
f 334/373/334 333/388/333 348/396/348 349/398/349
f 327/375/327 326/389/326 341/397/341 342/399/342
f 335/374/335 334/373/334 349/398/349 350/400/350
f 328/376/328 327/375/327 342/399/342 343/401/343
f 336/377/336 335/374/335 350/400/350 351/402/351
f 329/378/329 328/376/328 343/401/343 344/403/344
f 337/379/337 336/377/336 351/402/351 352/404/352
f 330/380/330 329/378/329 344/403/344 345/405/345
f 338/381/338 337/379/337 352/404/352 353/391/353
f 331/382/331 330/380/330 345/405/345 346/392/346
f 324/384/324 1/406/1 339/394/339
f 351/402/351 350/400/350 365/407/365 366/408/366
f 344/403/344 343/401/343 358/409/358 359/410/359
f 352/404/352 351/402/351 366/408/366 367/411/367
f 345/405/345 344/403/344 359/410/359 360/412/360
f 353/391/353 352/404/352 367/411/367 368/413/368
f 346/392/346 345/405/345 360/412/360 361/414/361
f 339/394/339 1/415/1 354/416/354
f 8/417/8 353/391/353 368/413/368
f 347/393/347 346/392/346 361/414/361 362/418/362
f 340/395/340 339/394/339 354/416/354 355/419/355
f 348/396/348 347/393/347 362/418/362 363/420/363
f 341/397/341 340/395/340 355/419/355 356/421/356
f 349/398/349 348/396/348 363/420/363 364/422/364
f 342/399/342 341/397/341 356/421/356 357/423/357
f 350/400/350 349/398/349 364/422/364 365/407/365
f 343/401/343 342/399/342 357/423/357 358/409/358
f 355/424/355 354/425/354 369/426/369 370/427/370
f 363/428/363 362/429/362 377/430/377 378/431/378
f 356/432/356 355/424/355 370/427/370 371/433/371
f 364/434/364 363/428/363 378/431/378 379/435/379
f 357/436/357 356/432/356 371/433/371 372/437/372
f 365/438/365 364/434/364 379/435/379 380/439/380
f 358/440/358 357/436/357 372/437/372 373/441/373
f 366/442/366 365/438/365 380/439/380 381/443/381
f 359/444/359 358/440/358 373/441/373 374/445/374
f 367/446/367 366/442/366 381/443/381 382/447/382
f 360/448/360 359/444/359 374/445/374 375/449/375
f 368/450/368 367/446/367 382/447/382 383/451/383
f 361/452/361 360/448/360 375/449/375 376/453/376
f 354/425/354 1/454/1 369/426/369
f 8/455/8 368/450/368 383/451/383
f 362/429/362 361/452/361 376/453/376 377/430/377
f 374/445/374 373/441/373 388/456/388 389/457/389
f 382/447/382 381/443/381 396/458/396 397/459/397
f 375/449/375 374/445/374 389/457/389 390/460/390
f 383/451/383 382/447/382 397/459/397 398/461/398
f 376/453/376 375/449/375 390/460/390 391/462/391
f 369/426/369 1/463/1 384/464/384
f 8/465/8 383/451/383 398/461/398
f 377/430/377 376/453/376 391/462/391 392/466/392
f 370/427/370 369/426/369 384/464/384 385/467/385
f 378/431/378 377/430/377 392/466/392 393/468/393
f 371/433/371 370/427/370 385/467/385 386/469/386
f 379/435/379 378/431/378 393/468/393 394/470/394
f 372/437/372 371/433/371 386/469/386 387/471/387
f 380/439/380 379/435/379 394/470/394 395/472/395
f 373/441/373 372/437/372 387/471/387 388/456/388
f 381/443/381 380/439/380 395/472/395 396/458/396
f 393/468/393 392/466/392 407/473/407 408/474/408
f 386/469/386 385/467/385 400/475/400 401/476/401
f 394/470/394 393/468/393 408/474/408 409/477/409
f 387/471/387 386/469/386 401/476/401 402/478/402
f 395/472/395 394/470/394 409/477/409 410/479/410
f 388/456/388 387/471/387 402/478/402 403/480/403
f 396/458/396 395/472/395 410/479/410 411/481/411
f 389/457/389 388/456/388 403/480/403 404/482/404
f 397/459/397 396/458/396 411/481/411 412/483/412
f 390/460/390 389/457/389 404/482/404 405/484/405
f 398/461/398 397/459/397 412/483/412 413/485/413
f 391/462/391 390/460/390 405/484/405 406/486/406
f 384/464/384 1/487/1 399/488/399
f 8/489/8 398/461/398 413/485/413
f 392/466/392 391/462/391 406/486/406 407/473/407
f 385/467/385 384/464/384 399/488/399 400/475/400
f 412/483/412 411/481/411 426/490/426 427/491/427
f 405/484/405 404/482/404 419/492/419 420/493/420
f 413/485/413 412/483/412 427/491/427 428/494/428
f 406/486/406 405/484/405 420/493/420 421/495/421
f 399/488/399 1/496/1 414/497/414
f 8/498/8 413/485/413 428/494/428
f 407/473/407 406/486/406 421/495/421 422/499/422
f 400/475/400 399/488/399 414/497/414 415/500/415
f 408/474/408 407/473/407 422/499/422 423/501/423
f 401/476/401 400/475/400 415/500/415 416/502/416
f 409/477/409 408/474/408 423/501/423 424/503/424
f 402/478/402 401/476/401 416/502/416 417/504/417
f 410/479/410 409/477/409 424/503/424 425/505/425
f 403/480/403 402/478/402 417/504/417 418/506/418
f 411/481/411 410/479/410 425/505/425 426/490/426
f 404/482/404 403/480/403 418/506/418 419/492/419
f 416/502/416 415/500/415 430/507/430 431/508/431
f 424/503/424 423/501/423 438/509/438 439/510/439
f 417/504/417 416/502/416 431/508/431 432/511/432
f 425/505/425 424/503/424 439/510/439 440/512/440
f 418/506/418 417/504/417 432/511/432 433/513/433
f 426/490/426 425/505/425 440/512/440 441/514/441
f 419/492/419 418/506/418 433/513/433 434/515/434
f 427/491/427 426/490/426 441/514/441 442/516/442
f 420/493/420 419/492/419 434/515/434 435/517/435
f 428/494/428 427/491/427 442/516/442 443/518/443
f 421/495/421 420/493/420 435/517/435 436/519/436
f 414/497/414 1/520/1 429/521/429
f 8/522/8 428/494/428 443/518/443
f 422/499/422 421/495/421 436/519/436 437/523/437
f 415/500/415 414/497/414 429/521/429 430/507/430
f 423/501/423 422/499/422 437/523/437 438/509/438
f 435/517/435 434/515/434 449/524/449 450/525/450
f 443/518/443 442/516/442 457/526/457 458/527/458
f 436/519/436 435/517/435 450/525/450 451/528/451
f 429/521/429 1/529/1 444/530/444
f 8/531/8 443/518/443 458/527/458
f 437/523/437 436/519/436 451/528/451 452/532/452
f 430/507/430 429/521/429 444/530/444 445/533/445
f 438/509/438 437/523/437 452/532/452 453/534/453
f 431/508/431 430/507/430 445/533/445 446/535/446
f 439/510/439 438/509/438 453/534/453 454/536/454
f 432/511/432 431/508/431 446/535/446 447/537/447
f 440/512/440 439/510/439 454/536/454 455/538/455
f 433/513/433 432/511/432 447/537/447 448/539/448
f 441/514/441 440/512/440 455/538/455 456/540/456
f 434/515/434 433/513/433 448/539/448 449/524/449
f 442/516/442 441/514/441 456/540/456 457/526/457
f 454/536/454 453/534/453 468/541/468 469/542/469
f 447/537/447 446/535/446 461/543/461 462/544/462
f 455/538/455 454/536/454 469/542/469 470/545/470
f 448/539/448 447/537/447 462/544/462 463/546/463
f 456/540/456 455/538/455 470/545/470 471/547/471
f 449/524/449 448/539/448 463/546/463 464/548/464
f 457/526/457 456/540/456 471/547/471 472/549/472
f 450/525/450 449/524/449 464/548/464 465/550/465
f 458/527/458 457/526/457 472/549/472 473/551/473
f 451/528/451 450/525/450 465/550/465 466/552/466
f 444/530/444 1/553/1 459/554/459
f 8/555/8 458/527/458 473/551/473
f 452/532/452 451/528/451 466/552/466 467/556/467
f 445/533/445 444/530/444 459/554/459 460/557/460
f 453/534/453 452/532/452 467/556/467 468/541/468
f 446/535/446 445/533/445 460/557/460 461/543/461
f 473/551/473 472/549/472 481/2/481 482/1/482
f 466/552/466 465/550/465 4/6/4 5/5/5
f 459/554/459 1/558/1 474/9/474
f 8/559/8 473/551/473 482/1/482
f 467/556/467 466/552/466 5/5/5 6/13/6
f 460/557/460 459/554/459 474/9/474 475/15/475
f 468/541/468 467/556/467 6/13/6 478/17/478
f 461/543/461 460/557/460 475/15/475 2/19/2
f 469/542/469 468/541/468 478/17/478 7/21/7
f 462/544/462 461/543/461 2/19/2 476/23/476
f 470/545/470 469/542/469 7/21/7 479/25/479
f 463/546/463 462/544/462 476/23/476 3/27/3
f 471/547/471 470/545/470 479/25/479 480/29/480
f 464/548/464 463/546/463 3/27/3 477/31/477
f 472/549/472 471/547/471 480/29/480 481/2/481
f 465/550/465 464/548/464 477/31/477 4/6/4
f 964/1/482 963/2/481 504/3/22 505/4/23
f 487/5/5 486/6/4 497/7/15 498/8/16
f 956/9/474 483/10/1 491/11/9
f 490/12/8 964/1/482 505/4/23
f 488/13/6 487/5/5 498/8/16 499/14/17
f 957/15/475 956/9/474 491/11/9 492/16/10
f 960/17/478 488/13/6 499/14/17 500/18/18
f 484/19/2 957/15/475 492/16/10 493/20/11
f 489/21/7 960/17/478 500/18/18 501/22/19
f 958/23/476 484/19/2 493/20/11 494/24/12
f 961/25/479 489/21/7 501/22/19 502/26/20
f 485/27/3 958/23/476 494/24/12 495/28/13
f 962/29/480 961/25/479 502/26/20 503/30/21
f 959/31/477 485/27/3 495/28/13 496/32/14
f 963/2/481 962/29/480 503/30/21 504/3/22
f 486/6/4 959/31/477 496/32/14 497/7/15
f 496/32/14 495/28/13 510/33/28 511/34/29
f 504/3/22 503/30/21 518/35/36 519/36/37
f 497/7/15 496/32/14 511/34/29 512/37/30
f 505/4/23 504/3/22 519/36/37 520/38/38
f 498/8/16 497/7/15 512/37/30 513/39/31
f 491/11/9 483/40/1 506/41/24
f 490/42/8 505/4/23 520/38/38
f 499/14/17 498/8/16 513/39/31 514/43/32
f 492/16/10 491/11/9 506/41/24 507/44/25
f 500/18/18 499/14/17 514/43/32 515/45/33
f 493/20/11 492/16/10 507/44/25 508/46/26
f 501/22/19 500/18/18 515/45/33 516/47/34
f 494/24/12 493/20/11 508/46/26 509/48/27
f 502/26/20 501/22/19 516/47/34 517/49/35
f 495/28/13 494/24/12 509/48/27 510/33/28
f 503/30/21 502/26/20 517/49/35 518/35/36
f 515/45/33 514/43/32 529/50/47 530/51/48
f 508/46/26 507/44/25 522/52/40 523/53/41
f 516/47/34 515/45/33 530/51/48 531/54/49
f 509/48/27 508/46/26 523/53/41 524/55/42
f 517/49/35 516/47/34 531/54/49 532/56/50
f 510/33/28 509/48/27 524/55/42 525/57/43
f 518/35/36 517/49/35 532/56/50 533/58/51
f 511/34/29 510/33/28 525/57/43 526/59/44
f 519/36/37 518/35/36 533/58/51 534/60/52
f 512/37/30 511/34/29 526/59/44 527/61/45
f 520/38/38 519/36/37 534/60/52 535/62/53
f 513/39/31 512/37/30 527/61/45 528/63/46
f 506/41/24 483/64/1 521/65/39
f 490/66/8 520/38/38 535/62/53
f 514/43/32 513/39/31 528/63/46 529/50/47
f 507/44/25 506/41/24 521/65/39 522/52/40
f 534/60/52 533/58/51 548/67/66 549/68/67
f 527/61/45 526/59/44 541/69/59 542/70/60
f 535/62/53 534/60/52 549/68/67 550/71/68
f 528/63/46 527/61/45 542/70/60 543/72/61
f 521/65/39 483/73/1 536/74/54
f 490/75/8 535/62/53 550/71/68
f 529/50/47 528/63/46 543/72/61 544/76/62
f 522/52/40 521/65/39 536/74/54 537/77/55
f 530/51/48 529/50/47 544/76/62 545/78/63
f 523/53/41 522/52/40 537/77/55 538/79/56
f 531/54/49 530/51/48 545/78/63 546/80/64
f 524/55/42 523/53/41 538/79/56 539/81/57
f 532/56/50 531/54/49 546/80/64 547/82/65
f 525/57/43 524/55/42 539/81/57 540/83/58
f 533/58/51 532/56/50 547/82/65 548/67/66
f 526/59/44 525/57/43 540/83/58 541/69/59
f 546/80/64 545/78/63 560/84/78 561/85/79
f 539/81/57 538/79/56 553/86/71 554/87/72
f 547/82/65 546/80/64 561/85/79 562/88/80
f 540/83/58 539/81/57 554/87/72 555/89/73
f 548/67/66 547/82/65 562/88/80 563/90/81
f 541/69/59 540/83/58 555/89/73 556/91/74
f 549/68/67 548/67/66 563/90/81 564/92/82
f 542/70/60 541/69/59 556/91/74 557/93/75
f 550/71/68 549/68/67 564/92/82 565/94/83
f 543/72/61 542/70/60 557/93/75 558/95/76
f 536/74/54 483/96/1 551/97/69
f 490/98/8 550/71/68 565/94/83
f 544/76/62 543/72/61 558/95/76 559/99/77
f 537/77/55 536/74/54 551/97/69 552/100/70
f 545/78/63 544/76/62 559/99/77 560/84/78
f 538/79/56 537/77/55 552/100/70 553/86/71
f 565/94/83 564/92/82 579/101/97 580/102/98
f 558/95/76 557/93/75 572/103/90 573/104/91
f 551/97/69 483/105/1 566/106/84
f 490/107/8 565/94/83 580/102/98
f 559/99/77 558/95/76 573/104/91 574/108/92
f 552/100/70 551/97/69 566/106/84 567/109/85
f 560/84/78 559/99/77 574/108/92 575/110/93
f 553/86/71 552/100/70 567/109/85 568/111/86
f 561/85/79 560/84/78 575/110/93 576/112/94
f 554/87/72 553/86/71 568/111/86 569/113/87
f 562/88/80 561/85/79 576/112/94 577/114/95
f 555/89/73 554/87/72 569/113/87 570/115/88
f 563/90/81 562/88/80 577/114/95 578/116/96
f 556/91/74 555/89/73 570/115/88 571/117/89
f 564/92/82 563/90/81 578/116/96 579/101/97
f 557/93/75 556/91/74 571/117/89 572/103/90
f 569/113/87 568/111/86 583/118/101 584/119/102
f 577/114/95 576/112/94 591/120/109 592/121/110
f 570/115/88 569/113/87 584/119/102 585/122/103
f 578/116/96 577/114/95 592/121/110 593/123/111
f 571/117/89 570/115/88 585/122/103 586/124/104
f 579/101/97 578/116/96 593/123/111 594/125/112
f 572/103/90 571/117/89 586/124/104 587/126/105
f 580/102/98 579/101/97 594/125/112 595/127/113
f 573/104/91 572/103/90 587/126/105 588/128/106
f 566/106/84 483/129/1 581/130/99
f 490/131/8 580/102/98 595/127/113
f 574/108/92 573/104/91 588/128/106 589/132/107
f 567/109/85 566/106/84 581/130/99 582/133/100
f 575/110/93 574/108/92 589/132/107 590/134/108
f 568/111/86 567/109/85 582/133/100 583/118/101
f 576/112/94 575/110/93 590/134/108 591/120/109
f 588/128/106 587/126/105 602/135/120 603/136/121
f 581/130/99 483/137/1 596/138/114
f 490/139/8 595/127/113 610/140/128
f 589/132/107 588/128/106 603/136/121 604/141/122
f 582/133/100 581/130/99 596/138/114 597/142/115
f 590/134/108 589/132/107 604/141/122 605/143/123
f 583/118/101 582/133/100 597/142/115 598/144/116
f 591/120/109 590/134/108 605/143/123 606/145/124
f 584/119/102 583/118/101 598/144/116 599/146/117
f 592/121/110 591/120/109 606/145/124 607/147/125
f 585/122/103 584/119/102 599/146/117 600/148/118
f 593/123/111 592/121/110 607/147/125 608/149/126
f 586/124/104 585/122/103 600/148/118 601/150/119
f 594/125/112 593/123/111 608/149/126 609/151/127
f 587/126/105 586/124/104 601/150/119 602/135/120
f 595/127/113 594/125/112 609/151/127 610/140/128
f 607/147/125 606/145/124 621/152/139 622/153/140
f 600/148/118 599/146/117 614/154/132 615/155/133
f 608/149/126 607/147/125 622/153/140 623/156/141
f 601/150/119 600/148/118 615/155/133 616/157/134
f 609/151/127 608/149/126 623/156/141 624/158/142
f 602/135/120 601/150/119 616/157/134 617/159/135
f 610/140/128 609/151/127 624/158/142 625/160/143
f 603/136/121 602/135/120 617/159/135 618/161/136
f 596/138/114 483/162/1 611/163/129
f 490/164/8 610/140/128 625/160/143
f 604/141/122 603/136/121 618/161/136 619/165/137
f 597/142/115 596/138/114 611/163/129 612/166/130
f 605/143/123 604/141/122 619/165/137 620/167/138
f 598/144/116 597/142/115 612/166/130 613/168/131
f 606/145/124 605/143/123 620/167/138 621/152/139
f 599/146/117 598/144/116 613/168/131 614/154/132
f 611/163/129 483/169/1 626/170/144
f 490/171/8 625/160/143 640/172/158
f 619/165/137 618/161/136 633/173/151 634/174/152
f 612/166/130 611/163/129 626/170/144 627/175/145
f 620/167/138 619/165/137 634/174/152 635/176/153
f 613/168/131 612/166/130 627/175/145 628/177/146
f 621/152/139 620/167/138 635/176/153 636/178/154
f 614/154/132 613/168/131 628/177/146 629/179/147
f 622/153/140 621/152/139 636/178/154 637/180/155
f 615/155/133 614/154/132 629/179/147 630/181/148
f 623/156/141 622/153/140 637/180/155 638/182/156
f 616/157/134 615/155/133 630/181/148 631/183/149
f 624/158/142 623/156/141 638/182/156 639/184/157
f 617/159/135 616/157/134 631/183/149 632/185/150
f 625/160/143 624/158/142 639/184/157 640/172/158
f 618/161/136 617/159/135 632/185/150 633/173/151
f 630/181/148 629/179/147 644/186/162 645/187/163
f 638/182/156 637/180/155 652/188/170 653/189/171
f 631/183/149 630/181/148 645/187/163 646/190/164
f 639/184/157 638/182/156 653/189/171 654/191/172
f 632/185/150 631/183/149 646/190/164 647/192/165
f 640/172/158 639/184/157 654/191/172 655/193/173
f 633/173/151 632/185/150 647/192/165 648/194/166
f 626/170/144 483/195/1 641/196/159
f 490/197/8 640/172/158 655/193/173
f 634/174/152 633/173/151 648/194/166 649/198/167
f 627/175/145 626/170/144 641/196/159 642/199/160
f 635/176/153 634/174/152 649/198/167 650/200/168
f 628/177/146 627/175/145 642/199/160 643/201/161
f 636/178/154 635/176/153 650/200/168 651/202/169
f 629/179/147 628/177/146 643/201/161 644/186/162
f 637/180/155 636/178/154 651/202/169 652/188/170
f 649/198/167 648/194/166 663/203/181 664/204/182
f 642/199/160 641/196/159 656/205/174 657/206/175
f 650/200/168 649/198/167 664/204/182 665/207/183
f 643/201/161 642/199/160 657/206/175 658/208/176
f 651/202/169 650/200/168 665/207/183 666/209/184
f 644/186/162 643/201/161 658/208/176 659/210/177
f 652/188/170 651/202/169 666/209/184 667/211/185
f 645/187/163 644/186/162 659/210/177 660/212/178
f 653/189/171 652/188/170 667/211/185 668/213/186
f 646/190/164 645/187/163 660/212/178 661/214/179
f 654/191/172 653/189/171 668/213/186 669/215/187
f 647/192/165 646/190/164 661/214/179 662/216/180
f 655/193/173 654/191/172 669/215/187 670/217/188
f 648/194/166 647/192/165 662/216/180 663/203/181
f 641/196/159 483/218/1 656/205/174
f 490/219/8 655/193/173 670/217/188
f 668/213/186 667/211/185 682/220/200 683/221/201
f 661/214/179 660/212/178 675/222/193 676/223/194
f 669/215/187 668/213/186 683/221/201 684/224/202
f 662/216/180 661/214/179 676/223/194 677/225/195
f 670/217/188 669/215/187 684/224/202 685/226/483
f 663/203/181 662/216/180 677/225/195 678/227/196
f 656/205/174 483/228/1 671/229/189
f 490/230/8 670/217/188 685/226/483
f 664/204/182 663/203/181 678/227/196 679/231/197
f 657/206/175 656/205/174 671/229/189 672/232/190
f 665/207/183 664/204/182 679/231/197 680/233/198
f 658/208/176 657/206/175 672/232/190 673/234/191
f 666/209/184 665/207/183 680/233/198 681/235/199
f 659/210/177 658/208/176 673/234/191 674/236/192
f 667/211/185 666/209/184 681/235/199 682/220/200
f 660/212/178 659/210/177 674/236/192 675/222/193
f 680/233/198 679/231/197 694/237/212 695/238/213
f 673/234/191 672/232/190 687/239/205 688/240/206
f 681/235/199 680/233/198 695/238/213 696/241/214
f 674/236/192 673/234/191 688/240/206 689/242/207
f 682/220/200 681/235/199 696/241/214 697/243/215
f 675/222/193 674/236/192 689/242/207 690/244/208
f 683/221/201 682/220/200 697/243/215 698/245/216
f 676/223/194 675/222/193 690/244/208 691/246/209
f 684/224/202 683/221/201 698/245/216 699/247/217
f 677/225/195 676/223/194 691/246/209 692/248/210
f 685/226/483 684/224/202 699/247/217 700/249/218
f 678/227/196 677/225/195 692/248/210 693/250/211
f 671/229/189 483/251/1 686/252/204
f 490/253/8 685/226/483 700/249/218
f 679/231/197 678/227/196 693/250/211 694/237/212
f 672/232/190 671/229/189 686/252/204 687/239/205
f 699/247/217 698/245/216 713/254/231 714/255/232
f 692/248/210 691/246/209 706/256/224 707/257/225
f 700/249/218 699/247/217 714/255/232 715/258/233
f 693/250/211 692/248/210 707/257/225 708/259/226
f 686/252/204 483/260/1 701/261/219
f 490/262/8 700/249/218 715/258/233
f 694/237/212 693/250/211 708/259/226 709/263/227
f 687/239/205 686/252/204 701/261/219 702/264/220
f 695/238/213 694/237/212 709/263/227 710/265/228
f 688/240/206 687/239/205 702/264/220 703/266/221
f 696/241/214 695/238/213 710/265/228 711/267/229
f 689/242/207 688/240/206 703/266/221 704/268/222
f 697/243/215 696/241/214 711/267/229 712/269/230
f 690/244/208 689/242/207 704/268/222 705/270/223
f 698/245/216 697/243/215 712/269/230 713/254/231
f 691/246/209 690/244/208 705/270/223 706/256/224
f 703/266/221 702/264/220 717/271/235 718/272/236
f 711/267/229 710/265/228 725/273/243 726/274/244
f 704/268/222 703/266/221 718/272/236 719/275/237
f 712/269/230 711/267/229 726/274/244 727/276/245
f 705/270/223 704/268/222 719/275/237 720/277/238
f 713/254/231 712/269/230 727/276/245 728/278/246
f 706/256/224 705/270/223 720/277/238 721/279/239
f 714/255/232 713/254/231 728/278/246 729/280/247
f 707/257/225 706/256/224 721/279/239 722/281/240
f 715/258/233 714/255/232 729/280/247 730/282/248
f 708/259/226 707/257/225 722/281/240 723/283/241
f 701/261/219 483/284/1 716/285/234
f 490/286/8 715/258/233 730/282/248
f 709/263/227 708/259/226 723/283/241 724/287/242
f 702/264/220 701/261/219 716/285/234 717/271/235
f 710/265/228 709/263/227 724/287/242 725/273/243
f 722/281/240 721/279/239 736/288/254 737/289/255
f 730/282/248 729/280/247 744/290/262 745/291/263
f 723/283/241 722/281/240 737/289/255 738/292/256
f 716/285/234 483/293/1 731/294/249
f 490/295/8 730/282/248 745/291/263
f 724/287/242 723/283/241 738/292/256 739/296/257
f 717/271/235 716/285/234 731/294/249 732/297/250
f 725/273/243 724/287/242 739/296/257 740/298/258
f 718/272/236 717/271/235 732/297/250 733/299/251
f 726/274/244 725/273/243 740/298/258 741/300/259
f 719/275/237 718/272/236 733/299/251 734/301/252
f 727/276/245 726/274/244 741/300/259 742/302/260
f 720/277/238 719/275/237 734/301/252 735/303/253
f 728/278/246 727/276/245 742/302/260 743/304/261
f 721/279/239 720/277/238 735/303/253 736/288/254
f 729/280/247 728/278/246 743/304/261 744/290/262
f 741/300/259 740/298/258 755/305/273 756/306/274
f 734/301/252 733/299/251 748/307/266 749/308/267
f 742/302/260 741/300/259 756/306/274 757/309/275
f 735/303/253 734/301/252 749/308/267 750/310/268
f 743/304/261 742/302/260 757/309/275 758/311/276
f 736/288/254 735/303/253 750/310/268 751/312/269
f 744/290/262 743/304/261 758/311/276 759/313/277
f 737/289/255 736/288/254 751/312/269 752/314/270
f 745/291/263 744/290/262 759/313/277 760/315/278
f 738/292/256 737/289/255 752/314/270 753/316/271
f 731/294/249 483/317/1 746/318/264
f 490/319/8 745/291/263 760/315/278
f 739/296/257 738/292/256 753/316/271 754/320/272
f 732/297/250 731/294/249 746/318/264 747/321/265
f 740/298/258 739/296/257 754/320/272 755/305/273
f 733/299/251 732/297/250 747/321/265 748/307/266
f 760/315/278 759/313/277 774/322/292 775/323/484
f 753/316/271 752/314/270 767/324/285 768/325/286
f 746/318/264 483/326/1 761/327/279
f 490/328/8 760/315/278 775/323/484
f 754/320/272 753/316/271 768/325/286 769/329/287
f 747/321/265 746/318/264 761/327/279 762/330/280
f 755/305/273 754/320/272 769/329/287 770/331/288
f 748/307/266 747/321/265 762/330/280 763/332/281
f 756/306/274 755/305/273 770/331/288 771/333/289
f 749/308/267 748/307/266 763/332/281 764/334/282
f 757/309/275 756/306/274 771/333/289 772/335/290
f 750/310/268 749/308/267 764/334/282 765/336/283
f 758/311/276 757/309/275 772/335/290 773/337/291
f 751/312/269 750/310/268 765/336/283 766/338/284
f 759/313/277 758/311/276 773/337/291 774/322/292
f 752/314/270 751/312/269 766/338/284 767/324/285
f 764/334/282 763/332/281 778/339/296 779/340/297
f 772/335/290 771/333/289 786/341/304 787/342/305
f 765/336/283 764/334/282 779/340/297 780/343/298
f 773/337/291 772/335/290 787/342/305 788/344/306
f 766/338/284 765/336/283 780/343/298 781/345/299
f 774/322/292 773/337/291 788/344/306 789/346/307
f 767/324/285 766/338/284 781/345/299 782/347/300
f 775/323/484 774/322/292 789/346/307 790/348/308
f 768/325/286 767/324/285 782/347/300 783/349/301
f 761/327/279 483/350/1 776/351/294
f 490/352/8 775/323/484 790/348/308
f 769/329/287 768/325/286 783/349/301 784/353/302
f 762/330/280 761/327/279 776/351/294 777/354/295
f 770/331/288 769/329/287 784/353/302 785/355/303
f 763/332/281 762/330/280 777/354/295 778/339/296
f 771/333/289 770/331/288 785/355/303 786/341/304
f 783/349/301 782/347/300 797/356/315 798/357/316
f 776/351/294 483/358/1 791/359/309
f 490/360/8 790/348/308 805/361/323
f 784/353/302 783/349/301 798/357/316 799/362/317
f 777/354/295 776/351/294 791/359/309 792/363/310
f 785/355/303 784/353/302 799/362/317 800/364/318
f 778/339/296 777/354/295 792/363/310 793/365/311
f 786/341/304 785/355/303 800/364/318 801/366/319
f 779/340/297 778/339/296 793/365/311 794/367/312
f 787/342/305 786/341/304 801/366/319 802/368/320
f 780/343/298 779/340/297 794/367/312 795/369/313
f 788/344/306 787/342/305 802/368/320 803/370/321
f 781/345/299 780/343/298 795/369/313 796/371/314
f 789/346/307 788/344/306 803/370/321 804/372/322
f 782/347/300 781/345/299 796/371/314 797/356/315
f 790/348/308 789/346/307 804/372/322 805/361/323
f 802/368/320 801/366/319 816/373/334 817/374/335
f 795/369/313 794/367/312 809/375/327 810/376/328
f 803/370/321 802/368/320 817/374/335 818/377/336
f 796/371/314 795/369/313 810/376/328 811/378/329
f 804/372/322 803/370/321 818/377/336 819/379/337
f 797/356/315 796/371/314 811/378/329 812/380/330
f 805/361/323 804/372/322 819/379/337 820/381/338
f 798/357/316 797/356/315 812/380/330 813/382/331
f 791/359/309 483/383/1 806/384/324
f 490/385/8 805/361/323 820/381/338
f 799/362/317 798/357/316 813/382/331 814/386/332
f 792/363/310 791/359/309 806/384/324 807/387/325
f 800/364/318 799/362/317 814/386/332 815/388/333
f 793/365/311 792/363/310 807/387/325 808/389/326
f 801/366/319 800/364/318 815/388/333 816/373/334
f 794/367/312 793/365/311 808/389/326 809/375/327
f 490/390/8 820/381/338 835/391/353
f 814/386/332 813/382/331 828/392/346 829/393/347
f 807/387/325 806/384/324 821/394/339 822/395/340
f 815/388/333 814/386/332 829/393/347 830/396/348
f 808/389/326 807/387/325 822/395/340 823/397/341
f 816/373/334 815/388/333 830/396/348 831/398/349
f 809/375/327 808/389/326 823/397/341 824/399/342
f 817/374/335 816/373/334 831/398/349 832/400/350
f 810/376/328 809/375/327 824/399/342 825/401/343
f 818/377/336 817/374/335 832/400/350 833/402/351
f 811/378/329 810/376/328 825/401/343 826/403/344
f 819/379/337 818/377/336 833/402/351 834/404/352
f 812/380/330 811/378/329 826/403/344 827/405/345
f 820/381/338 819/379/337 834/404/352 835/391/353
f 813/382/331 812/380/330 827/405/345 828/392/346
f 806/384/324 483/406/1 821/394/339
f 833/402/351 832/400/350 847/407/365 848/408/366
f 826/403/344 825/401/343 840/409/358 841/410/359
f 834/404/352 833/402/351 848/408/366 849/411/367
f 827/405/345 826/403/344 841/410/359 842/412/360
f 835/391/353 834/404/352 849/411/367 850/413/368
f 828/392/346 827/405/345 842/412/360 843/414/361
f 821/394/339 483/415/1 836/416/354
f 490/417/8 835/391/353 850/413/368
f 829/393/347 828/392/346 843/414/361 844/418/362
f 822/395/340 821/394/339 836/416/354 837/419/355
f 830/396/348 829/393/347 844/418/362 845/420/363
f 823/397/341 822/395/340 837/419/355 838/421/356
f 831/398/349 830/396/348 845/420/363 846/422/364
f 824/399/342 823/397/341 838/421/356 839/423/357
f 832/400/350 831/398/349 846/422/364 847/407/365
f 825/401/343 824/399/342 839/423/357 840/409/358
f 837/424/355 836/425/354 851/426/369 852/427/370
f 845/428/363 844/429/362 859/430/377 860/431/378
f 838/432/356 837/424/355 852/427/370 853/433/371
f 846/434/364 845/428/363 860/431/378 861/435/379
f 839/436/357 838/432/356 853/433/371 854/437/372
f 847/438/365 846/434/364 861/435/379 862/439/380
f 840/440/358 839/436/357 854/437/372 855/441/373
f 848/442/366 847/438/365 862/439/380 863/443/381
f 841/444/359 840/440/358 855/441/373 856/445/374
f 849/446/367 848/442/366 863/443/381 864/447/382
f 842/448/360 841/444/359 856/445/374 857/449/375
f 850/450/368 849/446/367 864/447/382 865/451/383
f 843/452/361 842/448/360 857/449/375 858/453/376
f 836/425/354 483/454/1 851/426/369
f 490/455/8 850/450/368 865/451/383
f 844/429/362 843/452/361 858/453/376 859/430/377
f 856/445/374 855/441/373 870/456/388 871/457/389
f 864/447/382 863/443/381 878/458/396 879/459/397
f 857/449/375 856/445/374 871/457/389 872/460/390
f 865/451/383 864/447/382 879/459/397 880/461/398
f 858/453/376 857/449/375 872/460/390 873/462/391
f 851/426/369 483/463/1 866/464/384
f 490/465/8 865/451/383 880/461/398
f 859/430/377 858/453/376 873/462/391 874/466/392
f 852/427/370 851/426/369 866/464/384 867/467/385
f 860/431/378 859/430/377 874/466/392 875/468/393
f 853/433/371 852/427/370 867/467/385 868/469/386
f 861/435/379 860/431/378 875/468/393 876/470/394
f 854/437/372 853/433/371 868/469/386 869/471/387
f 862/439/380 861/435/379 876/470/394 877/472/395
f 855/441/373 854/437/372 869/471/387 870/456/388
f 863/443/381 862/439/380 877/472/395 878/458/396
f 875/468/393 874/466/392 889/473/407 890/474/408
f 868/469/386 867/467/385 882/475/400 883/476/401
f 876/470/394 875/468/393 890/474/408 891/477/409
f 869/471/387 868/469/386 883/476/401 884/478/402
f 877/472/395 876/470/394 891/477/409 892/479/410
f 870/456/388 869/471/387 884/478/402 885/480/403
f 878/458/396 877/472/395 892/479/410 893/481/411
f 871/457/389 870/456/388 885/480/403 886/482/404
f 879/459/397 878/458/396 893/481/411 894/483/412
f 872/460/390 871/457/389 886/482/404 887/484/405
f 880/461/398 879/459/397 894/483/412 895/485/413
f 873/462/391 872/460/390 887/484/405 888/486/406
f 866/464/384 483/487/1 881/488/399
f 490/489/8 880/461/398 895/485/413
f 874/466/392 873/462/391 888/486/406 889/473/407
f 867/467/385 866/464/384 881/488/399 882/475/400
f 894/483/412 893/481/411 908/490/426 909/491/427
f 887/484/405 886/482/404 901/492/419 902/493/420
f 895/485/413 894/483/412 909/491/427 910/494/428
f 888/486/406 887/484/405 902/493/420 903/495/421
f 881/488/399 483/496/1 896/497/414
f 490/498/8 895/485/413 910/494/428
f 889/473/407 888/486/406 903/495/421 904/499/422
f 882/475/400 881/488/399 896/497/414 897/500/415
f 890/474/408 889/473/407 904/499/422 905/501/423
f 883/476/401 882/475/400 897/500/415 898/502/416
f 891/477/409 890/474/408 905/501/423 906/503/424
f 884/478/402 883/476/401 898/502/416 899/504/417
f 892/479/410 891/477/409 906/503/424 907/505/425
f 885/480/403 884/478/402 899/504/417 900/506/418
f 893/481/411 892/479/410 907/505/425 908/490/426
f 886/482/404 885/480/403 900/506/418 901/492/419
f 898/502/416 897/500/415 912/507/430 913/508/431
f 906/503/424 905/501/423 920/509/438 921/510/439
f 899/504/417 898/502/416 913/508/431 914/511/432
f 907/505/425 906/503/424 921/510/439 922/512/440
f 900/506/418 899/504/417 914/511/432 915/513/433
f 908/490/426 907/505/425 922/512/440 923/514/441
f 901/492/419 900/506/418 915/513/433 916/515/434
f 909/491/427 908/490/426 923/514/441 924/516/442
f 902/493/420 901/492/419 916/515/434 917/517/435
f 910/494/428 909/491/427 924/516/442 925/518/485
f 903/495/421 902/493/420 917/517/435 918/519/436
f 896/497/414 483/520/1 911/521/429
f 490/522/8 910/494/428 925/518/485
f 904/499/422 903/495/421 918/519/436 919/523/437
f 897/500/415 896/497/414 911/521/429 912/507/430
f 905/501/423 904/499/422 919/523/437 920/509/438
f 917/517/435 916/515/434 931/524/449 932/525/450
f 925/518/485 924/516/442 939/526/457 940/527/458
f 918/519/436 917/517/435 932/525/450 933/528/451
f 911/521/429 483/529/1 926/530/444
f 490/531/8 925/518/485 940/527/458
f 919/523/437 918/519/436 933/528/451 934/532/452
f 912/507/430 911/521/429 926/530/444 927/533/445
f 920/509/438 919/523/437 934/532/452 935/534/453
f 913/508/431 912/507/430 927/533/445 928/535/446
f 921/510/439 920/509/438 935/534/453 936/536/454
f 914/511/432 913/508/431 928/535/446 929/537/447
f 922/512/440 921/510/439 936/536/454 937/538/455
f 915/513/433 914/511/432 929/537/447 930/539/448
f 923/514/441 922/512/440 937/538/455 938/540/456
f 916/515/434 915/513/433 930/539/448 931/524/449
f 924/516/442 923/514/441 938/540/456 939/526/457
f 936/536/454 935/534/453 950/541/468 951/542/469
f 929/537/447 928/535/446 943/543/461 944/544/462
f 937/538/455 936/536/454 951/542/469 952/545/470
f 930/539/448 929/537/447 944/544/462 945/546/463
f 938/540/456 937/538/455 952/545/470 953/547/471
f 931/524/449 930/539/448 945/546/463 946/548/464
f 939/526/457 938/540/456 953/547/471 954/549/472
f 932/525/450 931/524/449 946/548/464 947/550/465
f 940/527/458 939/526/457 954/549/472 955/551/473
f 933/528/451 932/525/450 947/550/465 948/552/466
f 926/530/444 483/553/1 941/554/459
f 490/555/8 940/527/458 955/551/473
f 934/532/452 933/528/451 948/552/466 949/556/467
f 927/533/445 926/530/444 941/554/459 942/557/460
f 935/534/453 934/532/452 949/556/467 950/541/468
f 928/535/446 927/533/445 942/557/460 943/543/461
f 955/551/473 954/549/472 963/2/481 964/1/482
f 948/552/466 947/550/465 486/6/4 487/5/5
f 941/554/459 483/558/1 956/9/474
f 490/559/8 955/551/473 964/1/482
f 949/556/467 948/552/466 487/5/5 488/13/6
f 942/557/460 941/554/459 956/9/474 957/15/475
f 950/541/468 949/556/467 488/13/6 960/17/478
f 943/543/461 942/557/460 957/15/475 484/19/2
f 951/542/469 950/541/468 960/17/478 489/21/7
f 944/544/462 943/543/461 484/19/2 958/23/476
f 952/545/470 951/542/469 489/21/7 961/25/479
f 945/546/463 944/544/462 958/23/476 485/27/3
f 953/547/471 952/545/470 961/25/479 962/29/480
f 946/548/464 945/546/463 485/27/3 959/31/477
f 954/549/472 953/547/471 962/29/480 963/2/481
f 947/550/465 946/548/464 959/31/477 486/6/4
f 966/560/487 972/561/493 973/562/494 967/563/488
f 967/564/488 973/565/494 971/566/492 965/567/486
f 975/568/496 969/569/490 970/570/491 976/571/497
f 976/572/497 970/573/491 968/574/489 974/575/495
f 972/561/493 978/576/499 979/577/500 973/562/494
f 973/565/494 979/578/500 977/579/498 971/566/492
f 981/580/502 975/568/496 976/571/497 982/581/503
f 982/582/503 976/572/497 974/575/495 980/583/501
f 978/576/499 984/584/505 985/585/506 979/577/500
f 979/578/500 985/586/506 983/587/504 977/579/498
f 987/588/508 981/580/502 982/581/503 988/589/509
f 988/590/509 982/582/503 980/583/501 986/591/507
f 984/584/505 990/592/511 991/593/512 985/585/506
f 985/586/506 991/594/512 989/595/510 983/587/504
f 993/596/514 987/588/508 988/589/509 994/597/515
f 994/598/515 988/590/509 986/591/507 992/599/513
f 990/592/511 996/600/517 997/601/518 991/593/512
f 991/594/512 997/602/518 995/603/516 989/595/510
f 999/604/520 993/596/514 994/597/515 1000/605/521
f 1000/606/521 994/598/515 992/599/513 998/607/519
f 996/600/517 1002/608/523 1003/609/524 997/601/518
f 997/602/518 1003/610/524 1001/611/522 995/603/516
f 1005/612/526 999/604/520 1000/605/521 1006/613/527
f 1006/614/527 1000/606/521 998/607/519 1004/615/525
f 1002/608/523 1008/616/529 1009/617/530 1003/609/524
f 1003/610/524 1009/618/530 1007/619/528 1001/611/522
f 1011/620/532 1005/612/526 1006/613/527 1012/621/533
f 1012/622/533 1006/614/527 1004/615/525 1010/623/531
f 1008/616/529 1014/624/535 1015/5/536 1009/617/530
f 1009/618/530 1015/625/536 1013/626/534 1007/619/528
f 1017/627/538 1011/620/532 1012/621/533 1018/628/539
f 1018/629/539 1012/622/533 1010/623/531 1016/630/537
f 1014/624/535 1020/631/541 1021/8/542 1015/5/536
f 1015/625/536 1021/632/542 1019/633/540 1013/626/534
f 1023/634/544 1017/627/538 1018/628/539 1024/635/545
f 1024/636/545 1018/629/539 1016/630/537 1022/637/543
f 1020/631/541 1026/638/547 1027/39/548 1021/8/542
f 1021/632/542 1027/639/548 1025/640/546 1019/633/540
f 1029/641/550 1023/634/544 1024/635/545 1030/642/551
f 1030/643/551 1024/636/545 1022/637/543 1028/644/549
f 1026/638/547 1032/645/553 1033/63/554 1027/39/548
f 1027/639/548 1033/646/554 1031/647/552 1025/640/546
f 1035/648/556 1029/641/550 1030/642/551 1036/649/557
f 1036/650/557 1030/643/551 1028/644/549 1034/651/555
f 1032/645/553 1038/652/559 1039/72/560 1033/63/554
f 1033/646/554 1039/653/560 1037/654/558 1031/647/552
f 1041/655/562 1035/648/556 1036/649/557 1042/656/563
f 1042/657/563 1036/650/557 1034/651/555 1040/658/561
f 1038/652/559 1044/659/565 1045/95/566 1039/72/560
f 1039/653/560 1045/660/566 1043/661/564 1037/654/558
f 1047/662/568 1041/655/562 1042/656/563 1048/663/569
f 1048/664/569 1042/657/563 1040/658/561 1046/665/567
f 1044/659/565 1050/666/571 1051/104/572 1045/95/566
f 1045/660/566 1051/667/572 1049/668/570 1043/661/564
f 1053/669/574 1047/662/568 1048/663/569 1054/670/575
f 1054/671/575 1048/664/569 1046/665/567 1052/672/573
f 1050/666/571 1056/673/577 1057/128/578 1051/104/572
f 1051/667/572 1057/674/578 1055/675/576 1049/668/570
f 1059/676/580 1053/669/574 1054/670/575 1060/677/581
f 1060/678/581 1054/671/575 1052/672/573 1058/679/579
f 1056/673/577 1062/680/583 1063/681/584 1057/128/578
f 1057/674/578 1063/682/584 1061/683/582 1055/675/576
f 1065/684/586 1059/676/580 1060/677/581 1066/685/587
f 1066/686/587 1060/678/581 1058/679/579 1064/687/585
f 1062/680/583 1068/688/589 1069/689/590 1063/681/584
f 1063/682/584 1069/690/590 1067/691/588 1061/683/582
f 1071/692/592 1065/684/586 1066/685/587 1072/693/593
f 1072/694/593 1066/686/587 1064/687/585 1070/695/591
f 1068/688/589 1074/696/595 1075/697/596 1069/689/590
f 1069/690/590 1075/698/596 1073/699/594 1067/691/588
f 1077/700/598 1071/692/592 1072/693/593 1078/701/599
f 1078/702/599 1072/694/593 1070/695/591 1076/703/597
f 1074/696/595 1080/704/601 1081/705/602 1075/697/596
f 1075/698/596 1081/706/602 1079/707/600 1073/699/594
f 1083/708/604 1077/700/598 1078/701/599 1084/709/605
f 1084/710/605 1078/702/599 1076/703/597 1082/711/603
f 1080/704/601 1086/712/607 1087/713/608 1081/705/602
f 1081/706/602 1087/714/608 1085/715/606 1079/707/600
f 1089/716/610 1083/708/604 1084/709/605 1090/717/611
f 1090/718/611 1084/710/605 1082/711/603 1088/719/609
f 1086/712/607 1092/720/613 1093/721/614 1087/713/608
f 1087/714/608 1093/722/614 1091/723/612 1085/715/606
f 1095/724/616 1089/716/610 1090/717/611 1096/725/617
f 1096/726/617 1090/718/611 1088/719/609 1094/727/615
f 1092/720/613 1098/728/619 1099/729/620 1093/721/614
f 1093/722/614 1099/730/620 1097/731/618 1091/723/612
f 1101/732/622 1095/724/616 1096/725/617 1102/733/623
f 1102/734/623 1096/726/617 1094/727/615 1100/735/621
f 1098/728/619 1104/736/625 1105/737/626 1099/729/620
f 1099/730/620 1105/738/626 1103/739/624 1097/731/618
f 1107/740/628 1101/732/622 1102/733/623 1108/741/629
f 1108/742/629 1102/734/623 1100/735/621 1106/743/627
f 1104/736/625 1110/744/631 1111/745/632 1105/737/626
f 1105/738/626 1111/746/632 1109/747/630 1103/739/624
f 1113/748/634 1107/740/628 1108/741/629 1114/749/635
f 1114/750/635 1108/742/629 1106/743/627 1112/751/633
f 1110/744/631 1116/752/637 1117/753/638 1111/745/632
f 1111/746/632 1117/754/638 1115/755/636 1109/747/630
f 1119/756/640 1113/748/634 1114/749/635 1120/757/641
f 1120/758/641 1114/750/635 1112/751/633 1118/759/639
f 1116/752/637 1122/760/643 1123/761/644 1117/753/638
f 1117/754/638 1123/762/644 1121/763/642 1115/755/636
f 1125/764/646 1119/756/640 1120/757/641 1126/765/647
f 1126/766/647 1120/758/641 1118/759/639 1124/767/645
f 1122/760/643 1128/768/649 1129/769/650 1123/761/644
f 1123/762/644 1129/770/650 1127/771/648 1121/763/642
f 1131/772/652 1125/764/646 1126/765/647 1132/773/653
f 1132/774/653 1126/766/647 1124/767/645 1130/775/651
f 1128/768/649 1134/776/655 1135/777/656 1129/769/650
f 1129/770/650 1135/778/656 1133/779/654 1127/771/648
f 1137/780/658 1131/772/652 1132/773/653 1138/781/659
f 1138/782/659 1132/774/653 1130/775/651 1136/783/657
f 1134/776/655 1140/784/661 1141/785/662 1135/777/656
f 1135/778/656 1141/786/662 1139/787/660 1133/779/654
f 1143/788/664 1137/780/658 1138/781/659 1144/789/665
f 1144/790/665 1138/782/659 1136/783/657 1142/791/663
f 1140/784/661 1146/792/667 1147/793/668 1141/785/662
f 1141/786/662 1147/794/668 1145/795/666 1139/787/660
f 1149/796/670 1143/788/664 1144/789/665 1150/797/671
f 1150/798/671 1144/790/665 1142/791/663 1148/799/669
f 1146/792/667 1152/800/673 1153/801/674 1147/793/668
f 1147/794/668 1153/802/674 1151/803/672 1145/795/666
f 1155/804/676 1149/796/670 1150/797/671 1156/805/677
f 1156/806/677 1150/798/671 1148/799/669 1154/807/675
f 1152/800/673 966/808/487 967/809/488 1153/801/674
f 1153/802/674 967/564/488 965/567/486 1151/803/672
f 969/810/490 1155/804/676 1156/805/677 970/811/491
f 970/573/491 1156/806/677 1154/807/675 968/574/489
f 965/567/486 971/566/492 977/579/498 983/587/504 989/595/510 995/603/516 1001/611/522 1007/619/528 1013/626/534 1019/633/540 1025/640/546 1031/647/552 1037/654/558 1043/661/564 1049/668/570 1055/675/576 1061/683/582 1067/691/588 1073/699/594 1079/707/600 1085/715/606 1091/723/612 1097/731/618 1103/739/624 1109/747/630 1115/755/636 1121/763/642 1127/771/648 1133/779/654 1139/787/660 1145/795/666 1151/803/672
f 966/560/487 969/569/490 975/568/496 972/561/493
f 1152/800/673 1155/804/676 969/810/490 966/808/487
f 974/575/495 968/574/489 1154/807/675 1148/799/669 1142/791/663 1136/783/657 1130/775/651 1124/767/645 1118/759/639 1112/751/633 1106/743/627 1100/735/621 1094/727/615 1088/719/609 1082/711/603 1076/703/597 1070/695/591 1064/687/585 1058/679/579 1052/672/573 1046/665/567 1040/658/561 1034/651/555 1028/644/549 1022/637/543 1016/630/537 1010/623/531 1004/615/525 998/607/519 992/599/513 986/591/507 980/583/501
f 972/561/493 975/568/496 981/580/502 978/576/499
f 978/576/499 981/580/502 987/588/508 984/584/505
f 984/584/505 987/588/508 993/596/514 990/592/511
f 990/592/511 993/596/514 999/604/520 996/600/517
f 996/600/517 999/604/520 1005/612/526 1002/608/523
f 1002/608/523 1005/612/526 1011/620/532 1008/616/529
f 1008/616/529 1011/620/532 1017/627/538 1014/624/535
f 1014/624/535 1017/627/538 1023/634/544 1020/631/541
f 1020/631/541 1023/634/544 1029/641/550 1026/638/547
f 1026/638/547 1029/641/550 1035/648/556 1032/645/553
f 1032/645/553 1035/648/556 1041/655/562 1038/652/559
f 1038/652/559 1041/655/562 1047/662/568 1044/659/565
f 1044/659/565 1047/662/568 1053/669/574 1050/666/571
f 1050/666/571 1053/669/574 1059/676/580 1056/673/577
f 1056/673/577 1059/676/580 1065/684/586 1062/680/583
f 1062/680/583 1065/684/586 1071/692/592 1068/688/589
f 1068/688/589 1071/692/592 1077/700/598 1074/696/595
f 1074/696/595 1077/700/598 1083/708/604 1080/704/601
f 1080/704/601 1083/708/604 1089/716/610 1086/712/607
f 1086/712/607 1089/716/610 1095/724/616 1092/720/613
f 1092/720/613 1095/724/616 1101/732/622 1098/728/619
f 1098/728/619 1101/732/622 1107/740/628 1104/736/625
f 1104/736/625 1107/740/628 1113/748/634 1110/744/631
f 1110/744/631 1113/748/634 1119/756/640 1116/752/637
f 1116/752/637 1119/756/640 1125/764/646 1122/760/643
f 1122/760/643 1125/764/646 1131/772/652 1128/768/649
f 1128/768/649 1131/772/652 1137/780/658 1134/776/655
f 1134/776/655 1137/780/658 1143/788/664 1140/784/661
f 1140/784/661 1143/788/664 1149/796/670 1146/792/667
f 1146/792/667 1149/796/670 1155/804/676 1152/800/673
